paper_id,leap_year,first_author,pub_year,domains,title,pain_point,categories
09c672f0e443,1,Rahul Ghosh,2022,Land & hydrology,Robust Inverse Framework using Knowledge-guided Self-Supervised Learning: An application to Hydrology,"High measurement error, noise, and uncertainty in static catchment characteristics due to spatial and temporal heterogeneity.",Uncertainty quantification / ensembles; Scale mismatch / resolution / subgrid; Measurement noise / data quality
09c672f0e443,1,Rahul Ghosh,2022,Land & hydrology,Robust Inverse Framework using Knowledge-guided Self-Supervised Learning: An application to Hydrology,"Incompleteness or missing static basin characteristics, preventing model transferability across regions and continents.",Generalization / out-of-distribution
09c672f0e443,1,Rahul Ghosh,2022,Land & hydrology,Robust Inverse Framework using Knowledge-guided Self-Supervised Learning: An application to Hydrology,Ill-posedness and high computational complexity of non-linear inverse modeling in dynamical physical systems.,Ill-posed inverse problems / non-uniqueness; Nonlinearity / high dimensionality
09c672f0e443,1,Rahul Ghosh,2022,Land & hydrology,Robust Inverse Framework using Knowledge-guided Self-Supervised Learning: An application to Hydrology,High sensitivity of state-of-the-art hydrological forward ML models (like EA-LSTM) to noise in input static catchment attributes.,Measurement noise / data quality
09f31d3b6ca2,1,Nora Loose,2022,Ocean,GCM-Filters: A Python Package for Diffusion-based Spatial Filtering of Gridded Data,GCM data comes on irregular curvilinear grids with spatially varying grid-cell geometry,Other
09f31d3b6ca2,1,Nora Loose,2022,Ocean,GCM-Filters: A Python Package for Diffusion-based Spatial Filtering of Gridded Data,Continental boundaries require careful and special treatment when filtering ocean GCM output,Numerics / boundaries / discretization
09f31d3b6ca2,1,Nora Loose,2022,Ocean,GCM-Filters: A Python Package for Diffusion-based Spatial Filtering of Gridded Data,"Earth Science applications benefit from configurable filters, where filter scale and shape are flexible",Other
09f31d3b6ca2,1,Nora Loose,2022,Ocean,GCM-Filters: A Python Package for Diffusion-based Spatial Filtering of Gridded Data,"GCM output is often too large to process in memory, requiring distributed or delayed execution via Dask",Computational cost / scaling
0ab262982a54,1,Stephan Rasp,2018,Atmosphere,Deep learning to represent sub-grid processes in climate models,"Poor generalization/extrapolation to out-of-sample climate regimes (e.g., temperatures exceeding the training distribution by 4K)",Generalization / out-of-distribution
0ab262982a54,1,Stephan Rasp,2018,Atmosphere,Deep learning to represent sub-grid processes in climate models,Reduced variability and overly smooth sub-grid heating/moistening tendencies in the boundary layer due to deterministic MSE minimization on chaotic targets,Smoothing / loss of small-scale variance; Scale mismatch / resolution / subgrid; Numerics / boundaries / discretization
0ab262982a54,1,Stephan Rasp,2018,Atmosphere,Deep learning to represent sub-grid processes in climate models,Omission of condensed water species prevents exact moisture conservation,Physical consistency / conservation
0ab262982a54,1,Stephan Rasp,2018,Atmosphere,Deep learning to represent sub-grid processes in climate models,Instabilities and unphysical artifacts when using shallow neural network architectures in prognostic mode,Online stability / offline–online gap; Physical consistency / conservation; Measurement noise / data quality
0ab262982a54,1,Stephan Rasp,2018,Atmosphere,Deep learning to represent sub-grid processes in climate models,Inability to tune the parameterization once deployed online without parallel coupled retraining,Online stability / offline–online gap; Parameter calibration / tuning
176be8e93348,1,A. R. Fay,2021,Ocean,Observed Regional Fluxes to Constrain Modeled Estimates of the Ocean Carbon Sink,Severe regional divergence among ocean biogeochemical models despite agreement on the globally integrated carbon sink (regional compensation of errors).,Structural / model error & biases
176be8e93348,1,A. R. Fay,2021,Ocean,Observed Regional Fluxes to Constrain Modeled Estimates of the Ocean Carbon Sink,"Large uncertainty in natural carbon outgassing driven by riverine carbon loads (0.49 ± 0.53 PgC/yr), which dominates observational uncertainty in multiple ocean regions.",Uncertainty quantification / ensembles; Measurement noise / data quality
176be8e93348,1,A. R. Fay,2021,Ocean,Observed Regional Fluxes to Constrain Modeled Estimates of the Ocean Carbon Sink,"Sparse spatial and temporal sampling of in-situ surface pCO2 observations (SOCAT covers only 1.5% of 1° × 1° monthly grid boxes), limiting skill in reconstructing interannual variability.",Sparse / limited observations; Predictability / initialization / skill
176be8e93348,1,A. R. Fay,2021,Ocean,Observed Regional Fluxes to Constrain Modeled Estimates of the Ocean Carbon Sink,Systematic underestimation of net primary production and carbon uptake by hindcast models in subtropical gyres despite reproducing seasonal timing.,Other
18b0ca3448bd,1,Jared Willard,2020,Atmosphere; Land & hydrology,Integrating Scientific Knowledge with Machine Learning for Engineering and Environmental Systems,High labeled data requirements for black-box ML models in scientific domains,Interpretability / causality / equifinality; Measurement noise / data quality
18b0ca3448bd,1,Jared Willard,2020,Atmosphere; Land & hydrology,Integrating Scientific Knowledge with Machine Learning for Engineering and Environmental Systems,Physical inconsistency of standard ML predictions violating conservation laws,Physical consistency / conservation
18b0ca3448bd,1,Jared Willard,2020,Atmosphere; Land & hydrology,Integrating Scientific Knowledge with Machine Learning for Engineering and Environmental Systems,Poor out-of-sample generalization to unseen regimes,Generalization / out-of-distribution
18b0ca3448bd,1,Jared Willard,2020,Atmosphere; Land & hydrology,Integrating Scientific Knowledge with Machine Learning for Engineering and Environmental Systems,Prohibitive computational expense of high-resolution mechanistic simulations and traditional PDE solvers,Computational cost / scaling; Scale mismatch / resolution / subgrid; Numerics / boundaries / discretization
18b0ca3448bd,1,Jared Willard,2020,Atmosphere; Land & hydrology,Integrating Scientific Knowledge with Machine Learning for Engineering and Environmental Systems,Ill-posedness and high computational complexity in inverse modeling,Ill-posed inverse problems / non-uniqueness
18b0ca3448bd,1,Jared Willard,2020,Atmosphere; Land & hydrology,Integrating Scientific Knowledge with Machine Learning for Engineering and Environmental Systems,Difficult scalability of Gaussian processes and Bayesian neural networks for uncertainty quantification in high dimensions,Uncertainty quantification / ensembles; Nonlinearity / high dimensionality
1b93d9b00aae,1,Weiwei Zhan,2022,Atmosphere; Land & hydrology,Two for one: Partitioning CO2 fluxes and understanding the relationship between solar-induced chlorophyll fluorescence and gross primary productivity using machine learning,Lack of direct daytime observations of ecosystem respiration and gross primary productivity at ecosystem scales,Sparse / limited observations
1b93d9b00aae,1,Weiwei Zhan,2022,Atmosphere; Land & hydrology,Two for one: Partitioning CO2 fluxes and understanding the relationship between solar-induced chlorophyll fluorescence and gross primary productivity using machine learning,Model structural error in empirical daytime and nighttime flux partitioning methods during extreme events (drought) or rapid management changes (harvest),Extremes / tails / imbalance; Structural / model error & biases
1b93d9b00aae,1,Weiwei Zhan,2022,Atmosphere; Land & hydrology,Two for one: Partitioning CO2 fluxes and understanding the relationship between solar-induced chlorophyll fluorescence and gross primary productivity using machine learning,Light inhibition of ecosystem respiration (Kok effect) is not explicitly captured because including radiation directly in respiration causes equifinality,Interpretability / causality / equifinality
1b93d9b00aae,1,Weiwei Zhan,2022,Atmosphere; Land & hydrology,Two for one: Partitioning CO2 fluxes and understanding the relationship between solar-induced chlorophyll fluorescence and gross primary productivity using machine learning,Observation noise in eddy covariance and remote sensing/in situ SIF data,Measurement noise / data quality
1b93d9b00aae,1,Weiwei Zhan,2022,Atmosphere; Land & hydrology,Two for one: Partitioning CO2 fluxes and understanding the relationship between solar-induced chlorophyll fluorescence and gross primary productivity using machine learning,Possible mismatch between satellite-derived LAI (overstory) and understory vegetation phenology in heterogeneous canopies,Data harmonization / mismatch
282aba541bcf,1,Gregory Elsaesser,2021,Atmosphere,The Impact of Observational Errors on the Optimization of GCM Free Parameters,"Quantification of best model-observation agreement strongly depends on assumed observational errors or biases, impacting MCMC-inferred viable parameter ensembles.",Structural / model error & biases; Measurement noise / data quality; Missing / simplified process representation
3dbcadb5b5cc,1,Arthur Grundner,2022,Atmosphere,Deep Learning Based Cloud Cover Parameterization for ICON,Generalization across climate regimes/regions fails when NNs encounter out-of-distribution thermodynamic regimes (e.g. tropical NARVAL trained model extrapolating to cold polar regions).,Generalization / out-of-distribution
3dbcadb5b5cc,1,Arthur Grundner,2022,Atmosphere,Deep Learning Based Cloud Cover Parameterization for ICON,Non-locality / column models overfit or struggle to transfer across grids compared to neighborhood/local models.,Other
3dbcadb5b5cc,1,Arthur Grundner,2022,Atmosphere,Deep Learning Based Cloud Cover Parameterization for ICON,Temporal mismatch in model output variables (~7% cloudy grid cells were condensate-free due to sequential physics calls).,Data harmonization / mismatch
3dbcadb5b5cc,1,Arthur Grundner,2022,Atmosphere,Deep Learning Based Cloud Cover Parameterization for ICON,Mixing length error in QUBICC simulation diffusion scheme (set to 1000m instead of 150m) led to unrealistically strong vertical diffusion.,Other
3dbcadb5b5cc,1,Arthur Grundner,2022,Atmosphere,Deep Learning Based Cloud Cover Parameterization for ICON,"Very large dataset size (several TBs) necessitates aggressive subsampling and memory considerations, which hindered random forests.",Computational cost / scaling
50adaee28640,1,Xiaowei Jia,2021,Land & hydrology,Physics-Guided Machine Learning for Scientific Discovery: An Application in Simulating Lake Temperature Profiles,Extreme sparsity of observational field data (most lakes have <1% of required observations),Sparse / limited observations; Extremes / tails / imbalance
50adaee28640,1,Xiaowei Jia,2021,Land & hydrology,Physics-Guided Machine Learning for Scientific Discovery: An Application in Simulating Lake Temperature Profiles,Black-box ML predictions violate basic thermodynamic conservation laws (energy/mass),Physical consistency / conservation; Interpretability / causality / equifinality
50adaee28640,1,Xiaowei Jia,2021,Land & hydrology,Physics-Guided Machine Learning for Scientific Discovery: An Application in Simulating Lake Temperature Profiles,Process models (GLM) carry structural biases in vertical stratification dynamics at intermediate and bottom depths,Structural / model error & biases
50adaee28640,1,Xiaowei Jia,2021,Land & hydrology,Physics-Guided Machine Learning for Scientific Discovery: An Application in Simulating Lake Temperature Profiles,"Model generalization to unseen climate regimes, novel lake geometries, and distinct water clarity conditions",Generalization / out-of-distribution
662881ed91d7,1,Xiaowei Jia,2020,Land & hydrology,Physics-Guided Recurrent Graph Model for Predicting Flow and Temperature in River Networks,Severe data sparsity in river networks where most segments have few or no observations.,Sparse / limited observations
662881ed91d7,1,Xiaowei Jia,2020,Land & hydrology,Physics-Guided Recurrent Graph Model for Predicting Flow and Temperature in River Networks,"Order-of-magnitude scale variations across river segments (e.g., high flow vs. low headwater flow) causes global ML losses (MSE) to focus on high-flow segments while neglecting low-flow segments.",Smoothing / loss of small-scale variance; Missing / simplified process representation
662881ed91d7,1,Xiaowei Jia,2020,Land & hydrology,Physics-Guided Recurrent Graph Model for Predicting Flow and Temperature in River Networks,"Physics-based models (PRMS-SNTemp) involve numerous interacting parameters (84 parameters), making manual/expert calibration extremely slow and computationally intensive.",Computational cost / scaling; Extremes / tails / imbalance; Parameter calibration / tuning
662881ed91d7,1,Xiaowei Jia,2020,Land & hydrology,Physics-Guided Recurrent Graph Model for Predicting Flow and Temperature in River Networks,Standard GCN latent embeddings learned purely data-driven lack physical interpretation and overfit when trained on sparse observation sets.,Sparse / limited observations
6e5a3fae6660,1,Kshitij Tayal,2022,Land & hydrology,Invertibility aware Integration of Static and Time-series data: An application to Lake Temperature Modeling,Variability in data distribution across different lake systems,Other
6e5a3fae6660,1,Kshitij Tayal,2022,Land & hydrology,Invertibility aware Integration of Static and Time-series data: An application to Lake Temperature Modeling,Heterogeneity between static and time-series monitoring data,Scale mismatch / resolution / subgrid
6e5a3fae6660,1,Kshitij Tayal,2022,Land & hydrology,Invertibility aware Integration of Static and Time-series data: An application to Lake Temperature Modeling,Missing static features/variables across monitored lakes,Other
6ebd05047c44,1,Amanda R. Fay,2021,Ocean,SeaFlux: harmonization of air–sea CO2 fluxes from surface pCO2 data products using a standardized approach,"Differences in spatial coverage across mapped pCO2 products (omission of coastal, Arctic, and marginal seas) required artificial filling with climatology",Sparse / limited observations
6ebd05047c44,1,Amanda R. Fay,2021,Ocean,SeaFlux: harmonization of air–sea CO2 fluxes from surface pCO2 data products using a standardized approach,Inconsistent scaling of wind-speed dependent gas transfer velocity coefficient (kw) between products and reanalyses,Data harmonization / mismatch
6ebd05047c44,1,Amanda R. Fay,2021,Ocean,SeaFlux: harmonization of air–sea CO2 fluxes from surface pCO2 data products using a standardized approach,Order of operations sensitivity: calculating the second moment of wind speed at high temporal/spatial native resolution vs time-averaged wind speeds severely affects flux due to nonlinearity (concavity),Online stability / offline–online gap; Scale mismatch / resolution / subgrid; Nonlinearity / high dimensionality
76b3ee94d49b,1,Rick D. Russotto,2022,Atmosphere,Evolution of Tropical Cyclone Properties Across the Development Cycle of the GISS-E3 Global Climate Model,Underestimation of tropical cyclone frequency and maximum intensity compared to real-world observations,Extremes / tails / imbalance
76b3ee94d49b,1,Rick D. Russotto,2022,Atmosphere,Evolution of Tropical Cyclone Properties Across the Development Cycle of the GISS-E3 Global Climate Model,Compensating errors where increasing entrainment improves TC counts but exacerbates global radiative imbalances and cloud/precipitation biases,Extremes / tails / imbalance; Interpretability / causality / equifinality; Structural / model error & biases
76b3ee94d49b,1,Rick D. Russotto,2022,Atmosphere,Evolution of Tropical Cyclone Properties Across the Development Cycle of the GISS-E3 Global Climate Model,Large computational expense of high-resolution (0.5 degree) multidecadal GCM simulations,Computational cost / scaling; Scale mismatch / resolution / subgrid
76b3ee94d49b,1,Rick D. Russotto,2022,Atmosphere,Evolution of Tropical Cyclone Properties Across the Development Cycle of the GISS-E3 Global Climate Model,Missing 3D high-frequency simulation fields for version 2 (V2) preventing detailed storm structure diagnostics,Other
a076629e05e7,1,Hoang Tran,2021,Land & hydrology,Development of a Deep Learning Emulator for a Distributed Groundwater–Surface Water Model: ParFlow-ML,High computational burden of resolving 3D Richards equation and 2D kinematic wave overland flow equations at high spatial resolution,Computational cost / scaling; Scale mismatch / resolution / subgrid
a076629e05e7,1,Hoang Tran,2021,Land & hydrology,Development of a Deep Learning Emulator for a Distributed Groundwater–Surface Water Model: ParFlow-ML,Vanishing gradients in recurrent neural networks over long time-horizon predictions,Predictability / initialization / skill
a076629e05e7,1,Hoang Tran,2021,Land & hydrology,Development of a Deep Learning Emulator for a Distributed Groundwater–Surface Water Model: ParFlow-ML,Lack of strict mass balance conservation enforcement in deep learning emulators,Physical consistency / conservation
a076629e05e7,1,Hoang Tran,2021,Land & hydrology,Development of a Deep Learning Emulator for a Distributed Groundwater–Surface Water Model: ParFlow-ML,Spurious noise and fluctuation artifacts predicted by the recurrent architecture over cells with near-constant steady-state values,Interpretability / causality / equifinality; Measurement noise / data quality
abec22acf841,1,Val Bennington,2022,Ocean,Variability in the Global Ocean Carbon Sink From 1959 to 2020 by Correcting Models With Observations,Extreme data sparsity of pCO2 observations prior to the 1980s prevents purely data-driven machine learning reconstructions.,Sparse / limited observations; Extremes / tails / imbalance
abec22acf841,1,Val Bennington,2022,Ocean,Variability in the Global Ocean Carbon Sink From 1959 to 2020 by Correcting Models With Observations,"Chlorophyll-a satellite observations do not start until 1998, requiring climatologies prior to that.",Other
abec22acf841,1,Val Bennington,2022,Ocean,Variability in the Global Ocean Carbon Sink From 1959 to 2020 by Correcting Models With Observations,"Observational coverage is especially sparse in regions like the Indian Ocean and Southern Ocean, increasing uncertainty.",Sparse / limited observations; Uncertainty quantification / ensembles
abec22acf841,1,Val Bennington,2022,Ocean,Variability in the Global Ocean Carbon Sink From 1959 to 2020 by Correcting Models With Observations,Pre-1982 data like GEOSECS TA and DIC have documented inaccuracies and were excluded from modern syntheses (GLODAP).,Missing / simplified process representation
bf899599c4e8,1,L. Gloege,2022,Ocean,Improved Quantification of Ocean Carbon Uptake by Using Machine Learning to Merge Global Models and pCO2 Data,"Severe spatial and temporal data sparsity of in situ surface ocean carbon observations, especially in the Southern Ocean and earlier decades (1980s).",Sparse / limited observations
bf899599c4e8,1,L. Gloege,2022,Ocean,Improved Quantification of Ocean Carbon Uptake by Using Machine Learning to Merge Global Models and pCO2 Data,"Temporal skewness in the target variable (pCO2) due to secular climate warming and anthropogenic carbon increase, which degrades statistical/ML algorithm generalization.",Generalization / out-of-distribution
bf899599c4e8,1,L. Gloege,2022,Ocean,Improved Quantification of Ocean Carbon Uptake by Using Machine Learning to Merge Global Models and pCO2 Data,"Systematic biases in dynamical GOBM simulations (e.g., omitting the water vapor correction in atmospheric pCO2 forcing, biases in seasonal mixed-layer dynamics).",Structural / model error & biases; Missing / simplified process representation
c6a5e8968ce0,1,Adam Massmann,2021,Atmosphere,Causal inference for process understanding in Earth sciences,Incomplete observation / partial observation of the Earth system state space leading to unobserved confounding,Sparse / limited observations; Interpretability / causality / equifinality
c6a5e8968ce0,1,Adam Massmann,2021,Atmosphere,Causal inference for process understanding in Earth sciences,Feedbacks creating cycles in causal graphs (addressed by resolving temporal dynamics),Interpretability / causality / equifinality
c6a5e8968ce0,1,Adam Massmann,2021,Atmosphere,Causal inference for process understanding in Earth sciences,Unidentifiability when backdoor paths cannot be blocked,Interpretability / causality / equifinality; Ill-posed inverse problems / non-uniqueness
c6a5e8968ce0,1,Adam Massmann,2021,Atmosphere,Causal inference for process understanding in Earth sciences,"Observational selection bias (e.g., satellite sampling and cloud masking)",Structural / model error & biases
c80f5cf46ad3,1,David Crisp,2022,Atmosphere; Ocean; Land & hydrology,How Well Do We Understand the Land-Ocean-Atmosphere Carbon Cycle?,"Extreme data sparsity in surface ocean pCO2 observations (available for only ~2% of 1°x1° locations) limiting ML/statistical interpolation skill, especially at high frequencies and high latitudes in winter.",Sparse / limited observations; Extremes / tails / imbalance; Predictability / initialization / skill
c80f5cf46ad3,1,David Crisp,2022,Atmosphere; Ocean; Land & hydrology,How Well Do We Understand the Land-Ocean-Atmosphere Carbon Cycle?,"Lack of direct observational constraints on riverine carbon flux closure terms (Fnat,riv) and climate-induced non-steady-state natural flux changes (Fnat,ns).",Sparse / limited observations
c80f5cf46ad3,1,David Crisp,2022,Atmosphere; Ocean; Land & hydrology,How Well Do We Understand the Land-Ocean-Atmosphere Carbon Cycle?,"Observational coverage gaps for in situ greenhouse gas measurements and forest inventory plots across tropical forests, boreal zones, and the Arctic.",Sparse / limited observations
c80f5cf46ad3,1,David Crisp,2022,Atmosphere; Ocean; Land & hydrology,How Well Do We Understand the Land-Ocean-Atmosphere Carbon Cycle?,Contradiction between top-down satellite atmospheric inverse models (suggesting humid tropical forests are becoming net carbon sources) and bottom-up plot inventories (suggesting they remain net sinks).,Ill-posed inverse problems / non-uniqueness
c80f5cf46ad3,1,David Crisp,2022,Atmosphere; Ocean; Land & hydrology,How Well Do We Understand the Land-Ocean-Atmosphere Carbon Cycle?,Inability of current dynamic global vegetation models (DGVMs) to capture observed reductions in CO2 fertilization efficiency caused by nutrient and water limitation.,Other
c80f5cf46ad3,1,David Crisp,2022,Atmosphere; Ocean; Land & hydrology,How Well Do We Understand the Land-Ocean-Atmosphere Carbon Cycle?,"Passive satellite remote sensing measurements are impeded by cloud cover, atmospheric aerosols, and low solar zenith angles at high latitudes during winter.",Other
c926c4c93a95,1,Val Bennington,2022,Ocean,Estimating historical air-sea CO2 fluxes: Incorporating physical knowledge within a data-only approach,Sparsity of in situ pCO2 observations across the Southern Ocean and during winter months.,Sparse / limited observations
c926c4c93a95,1,Val Bennington,2022,Ocean,Estimating historical air-sea CO2 fluxes: Incorporating physical knowledge within a data-only approach,Lack of continuous satellite chlorophyll-a observations prior to 1998 requiring climatological substitution.,Sparse / limited observations
c926c4c93a95,1,Val Bennington,2022,Ocean,Estimating historical air-sea CO2 fluxes: Incorporating physical knowledge within a data-only approach,Uncertainties in wind speed products and gas transfer velocity (piston velocity) dominating flux calculation errors.,Uncertainty quantification / ensembles
c926c4c93a95,1,Val Bennington,2022,Ocean,Estimating historical air-sea CO2 fluxes: Incorporating physical knowledge within a data-only approach,Non-linear competing effects of temperature (thermodynamic solubility vs. biology/stratification) confounding ML reconstruction.,Interpretability / causality / equifinality; Nonlinearity / high dimensionality
d606ef6024cb,1,Tom Beucler,2024,Atmosphere,Climate-Invariant Machine Learning,Machine learning parameterizations fail drastically when extrapolating out-of-distribution to warmer/colder climates (e.g. 10x error increase in warm Tropics).,Generalization / out-of-distribution
d606ef6024cb,1,Tom Beucler,2024,Atmosphere,Climate-Invariant Machine Learning,"Independent variable transformations may appear counterproductive until combined (e.g., temperature transformation required humidity transformation to show benefit).",Other
d606ef6024cb,1,Tom Beucler,2024,Atmosphere,Climate-Invariant Machine Learning,Transforming outputs in probability space (quantile space) prior to training led to poor results due to challenges designing the loss function in probability space.,Other
d606ef6024cb,1,Tom Beucler,2024,Atmosphere,Climate-Invariant Machine Learning,Physical transformations during GPU training can slow down training speed substantially if implemented sequentially in custom layers; preprocessing or CPU data generator pipelines were necessary.,Computational cost / scaling
d606ef6024cb,1,Tom Beucler,2024,Atmosphere,Climate-Invariant Machine Learning,Evaluating callbacks across ~100M samples at the end of each training epoch was computationally expensive.,Computational cost / scaling
e114a41a0632,1,Yu Cheng,2022,Atmosphere,Deep Learning for Subgrid-Scale Turbulence Modeling in Large-Eddy Simulations of the Convective Atmospheric Boundary Layer,Numerical vs. physical dissipation balance in online LES coupling,Online stability / offline–online gap; Numerics / boundaries / discretization
e114a41a0632,1,Yu Cheng,2022,Atmosphere,Deep Learning for Subgrid-Scale Turbulence Modeling in Large-Eddy Simulations of the Convective Atmospheric Boundary Layer,Aliasing errors when coarse-graining DNS data can inadvertently be learned by neural networks,Scale mismatch / resolution / subgrid
e114a41a0632,1,Yu Cheng,2022,Atmosphere,Deep Learning for Subgrid-Scale Turbulence Modeling in Large-Eddy Simulations of the Convective Atmospheric Boundary Layer,Coupling stability at the lowest surface boundaries requires ad-hoc smoothing/averaging with Monin-Obukhov similarity theory,Smoothing / loss of small-scale variance; Numerics / boundaries / discretization
e114a41a0632,1,Yu Cheng,2022,Atmosphere,Deep Learning for Subgrid-Scale Turbulence Modeling in Large-Eddy Simulations of the Convective Atmospheric Boundary Layer,"Difficulty generalizing to different boundary conditions (e.g., channel flow vs. ABL)",Generalization / out-of-distribution; Numerics / boundaries / discretization
fc1a05909dce,1,Robert Pincus,,Atmosphere,Atmospheric radiation: using machine learning for the unknowable and uncomputable,Data required to learn 3D radiative effects directly remains sparse due to the computational cost of resolving fine-scale cloud scenes combined with 3D radiative transfer calculations.,Sparse / limited observations; Computational cost / scaling
fc1a05909dce,1,Robert Pincus,,Atmosphere,Atmospheric radiation: using machine learning for the unknowable and uncomputable,Machine learning parameterizations trained on existing 1D parameterizations inherit their physical approximations and systematic errors (abandoning known physical equations).,Structural / model error & biases
fc1a05909dce,1,Robert Pincus,,Atmosphere,Atmospheric radiation: using machine learning for the unknowable and uncomputable,1D plane-parallel and homogeneous column approximations lead to substantial flux and albedo biases because horizontal transport and subgrid cloud inhomogeneity are neglected.,Structural / model error & biases; Scale mismatch / resolution / subgrid; Missing / simplified process representation; Predictability / initialization / skill
fc1a05909dce,1,Robert Pincus,,Atmosphere,Atmospheric radiation: using machine learning for the unknowable and uncomputable,"Large-scale models do not resolve the small-scale features that control 3D radiative effects, posing a representation problem.",Missing / simplified process representation
ff21f4a98dcf,1,Ren Wang,2022,Land & hydrology,Recent increase in the observation-derived land evapotranspiration due to global warming,"Machine learning models show larger uncertainties in coastal areas (e.g., Australia) and areas with significant moisture/heat exchange due to oceanic influence and non-stationary conditions.",Uncertainty quantification / ensembles
ff21f4a98dcf,1,Ren Wang,2022,Land & hydrology,Recent increase in the observation-derived land evapotranspiration due to global warming,Data quality and sparse spatial distribution of weather stations limit model performance in certain regions.,Sparse / limited observations
ff21f4a98dcf,1,Ren Wang,2022,Land & hydrology,Recent increase in the observation-derived land evapotranspiration due to global warming,Inability to fully capture atmospheric circulation and non-stationary surface/boundary-layer dynamics purely through empirical statistical methods.,Numerics / boundaries / discretization
04acd3abf92c,2,Nicolas Gruber,2022,Ocean,Trends and Variability in the Ocean Carbon Sink,"Severe spatial and temporal undersampling of ocean carbon measurements (only ~3% of 1°x1° monthly grid cells have pCO2 observations), especially in the Southern Ocean, South Pacific, and Indian Ocean.",Sparse / limited observations
04acd3abf92c,2,Nicolas Gruber,2022,Ocean,Trends and Variability in the Ocean Carbon Sink,Systematic errors and uncertainty in extrapolation and machine learning interpolation methods caused by data sparsity.,Generalization / out-of-distribution; Sparse / limited observations; Uncertainty quantification / ensembles; Structural / model error & biases
04acd3abf92c,2,Nicolas Gruber,2022,Ocean,Trends and Variability in the Ocean Carbon Sink,"Large discrepancies between surface pCO2 observation-based flux estimates and ocean biogeochemical models, particularly post-2010.",Other
04acd3abf92c,2,Nicolas Gruber,2022,Ocean,Trends and Variability in the Ocean Carbon Sink,Uncertainty in air-sea gas transfer velocity parameterizations and surface skin temperature corrections.,Uncertainty quantification / ensembles
04acd3abf92c,2,Nicolas Gruber,2022,Ocean,Trends and Variability in the Ocean Carbon Sink,Difficulty distinguishing natural decadal variability from anthropogenic trends due to decadal re-sampling intervals of repeat hydrography cruises.,Other
0e7a09e90487,2,Olya Skulovich,2023,Land & hydrology,A Long-term Consistent Artificial Intelligence and Remote Sensing-based Soil Moisture Dataset,"Satellite swath timing and orbit differences prevent complete global daily overlap across multiple sensors, necessitating 3-day temporal binning.",Other
0e7a09e90487,2,Olya Skulovich,2023,Land & hydrology,A Long-term Consistent Artificial Intelligence and Remote Sensing-based Soil Moisture Dataset,"The strong periodic annual seasonal cycle dominates raw microwave brightness temperatures and soil moisture, causing unadjusted neural networks to fit seasonality well while failing on extreme anomalies.",Extremes / tails / imbalance
0e7a09e90487,2,Olya Skulovich,2023,Land & hydrology,A Long-term Consistent Artificial Intelligence and Remote Sensing-based Soil Moisture Dataset,"Discrepancies in instrument characteristics (frequencies, incidence angles, RF interference) introduce artificial decadal trends and offsets when blending heterogeneous satellite missions.",Other
0e7a09e90487,2,Olya Skulovich,2023,Land & hydrology,A Long-term Consistent Artificial Intelligence and Remote Sensing-based Soil Moisture Dataset,Separating epistemic (structural) from aleatoric (input noise) uncertainty in neural networks requires computationally intensive deep ensembling and input perturbations.,Computational cost / scaling; Uncertainty quantification / ensembles; Measurement noise / data quality
17a61548389e,2,Arthur Grundner,2024,Atmosphere,Data-Driven Equation Discovery of a Cloud Cover Parameterization,"Neural networks act as black boxes, making post-hoc interpretation difficult and producing unreliable out-of-distribution predictions.",Generalization / out-of-distribution; Interpretability / causality / equifinality
17a61548389e,2,Arthur Grundner,2024,Atmosphere,Data-Driven Equation Discovery of a Cloud Cover Parameterization,"Symbolic regression genetic algorithms struggle to scale beyond 5-6 input features, necessitating sequential feature selection.",Other
17a61548389e,2,Arthur Grundner,2024,Atmosphere,Data-Driven Equation Discovery of a Cloud Cover Parameterization,Large distribution shift between simulated cloud condensate (DYAMOND) and observational reanalysis (ERA5) causes direct zero-shot transfer failure without fine-tuning.,Generalization / out-of-distribution; Parameter calibration / tuning
17a61548389e,2,Arthur Grundner,2024,Atmosphere,Data-Driven Equation Discovery of a Cloud Cover Parameterization,Storage and processing bottlenecks associated with several terabytes of high-resolution storm-resolving simulation outputs.,Data volume / access / storage; Scale mismatch / resolution / subgrid
17a61548389e,2,Arthur Grundner,2024,Atmosphere,Data-Driven Equation Discovery of a Cloud Cover Parameterization,Shallow convection and stratocumulus clouds remain under-resolved even at kilometer-scale resolutions.,Scale mismatch / resolution / subgrid
1dc1d9ed975c,2,Griffin Mooers,2022,Atmosphere,An Unsupervised Learning Perspective on the Dynamic Contribution to Extreme Precipitation Changes,"Simulations output massive multi-scale, three-dimensional data (3.4 TB, >76 million snapshots) that challenge standard analysis tools.",Data volume / access / storage
1dc1d9ed975c,2,Griffin Mooers,2022,Atmosphere,An Unsupervised Learning Perspective on the Dynamic Contribution to Extreme Precipitation Changes,Lack of samples at the very high tails of the precipitation distribution (>99th percentile) causing noisy/pixelated spatial patterns.,Extremes / tails / imbalance; Measurement noise / data quality
1dc1d9ed975c,2,Griffin Mooers,2022,Atmosphere,An Unsupervised Learning Perspective on the Dynamic Contribution to Extreme Precipitation Changes,Difficulty in isolating dynamical contributions from thermodynamic contributions without sacrificing storm-scale spatial information.,Other
26adf7d40c29,2,Jatan Buch,2022,Land & hydrology,Modeling wildfire activity in the western United States with machine learning,"Severe class imbalance: the overwhelming majority of spatiotemporal grid cells have zero fires, requiring downsampling/upsampling techniques and spline calibration.",Extremes / tails / imbalance; Parameter calibration / tuning
26adf7d40c29,2,Jatan Buch,2022,Land & hydrology,Modeling wildfire activity in the western United States with machine learning,"Nonstationarity in fire size distributions over multidecadal timescales: fire size extremes shifted significantly post-2004, requiring piecewise reweighting / breakpoint modeling.",Extremes / tails / imbalance
26adf7d40c29,2,Jatan Buch,2022,Land & hydrology,Modeling wildfire activity in the western United States with machine learning,Missing observational data: underrepresentation of small fires (<4 km2) in recent federal agency records (2018-2020) and missing lightning records prior to 1987.,Other
26adf7d40c29,2,Jatan Buch,2022,Land & hydrology,Modeling wildfire activity in the western United States with machine learning,High false-positive rate when predicting fire occurrences over millions of zero-fire cells.,Extremes / tails / imbalance
26adf7d40c29,2,Jatan Buch,2022,Land & hydrology,Modeling wildfire activity in the western United States with machine learning,"Difficulty modeling anomalously extreme years (e.g., 2020) where fire sizes substantially exceeded the historical training distribution.",Extremes / tails / imbalance
2d5a8ad16a10,2,Emiliano Díaz Salas-Porras,2022,Atmosphere; Land & hydrology,Identifying the Causes of Pyrocumulonimbus (PyroCb),Combinatorial intractability of exhaustive Invariant Causal Prediction over large predictor power sets (exceeding 250 million subsets),Interpretability / causality / equifinality
2d5a8ad16a10,2,Emiliano Díaz Salas-Porras,2022,Atmosphere; Land & hydrology,Identifying the Causes of Pyrocumulonimbus (PyroCb),Unavailability of standard conditional independence tests for binary target variables and continuous multivariate predictors and environment variables,Data volume / access / storage
2d5a8ad16a10,2,Emiliano Díaz Salas-Porras,2022,Atmosphere; Land & hydrology,Identifying the Causes of Pyrocumulonimbus (PyroCb),"Strong collinearity and dependence among meteorological and biophysical predictors, causing exhaustive ICP to yield empty intersections",Other
2d5a8ad16a10,2,Emiliano Díaz Salas-Porras,2022,Atmosphere; Land & hydrology,Identifying the Causes of Pyrocumulonimbus (PyroCb),Imbalanced event classification data (rare occurrence of pyroCb),Extremes / tails / imbalance
2e434d4762d9,2,Jatan Buch,2023,Land & hydrology,SMLFire1.0: a stochastic machine learning (SML) model for wildfire activity in the western United States,"Severe data class imbalance: non-fire grid cells vastly outnumber cells with observed fires (~10 million vs ~17,500), requiring downsampling and spline calibration to curb false positives.",Extremes / tails / imbalance; Parameter calibration / tuning
2e434d4762d9,2,Jatan Buch,2023,Land & hydrology,SMLFire1.0: a stochastic machine learning (SML) model for wildfire activity in the western United States,Heavy-tailed extreme value distributions: lognormal distributions underpredict extremes; generalized Pareto distributions with infinite variance are required.,Generalization / out-of-distribution; Extremes / tails / imbalance
2e434d4762d9,2,Jatan Buch,2023,Land & hydrology,SMLFire1.0: a stochastic machine learning (SML) model for wildfire activity in the western United States,"Nonstationarity and regime shift: fire size responses shifted drastically post-2004, requiring a manual breakpoint to combine two GPD models.",Other
2e434d4762d9,2,Jatan Buch,2023,Land & hydrology,SMLFire1.0: a stochastic machine learning (SML) model for wildfire activity in the western United States,"Underprediction of record-breaking extreme wildfire years (e.g., 2020 forest fire sizes substantially exceeded the 1984-2019 training regime).",Extremes / tails / imbalance
2e434d4762d9,2,Jatan Buch,2023,Land & hydrology,SMLFire1.0: a stochastic machine learning (SML) model for wildfire activity in the western United States,Data quality/reporting gaps: post-2017 federal agency reporting underrepresents smaller fires (< 4 km^2) outside California.,Other
44a9f82d3545,2,Fernando Iglesias-Suarez,2024,Atmosphere,Causally-informed Deep Learning to Improve Climate Models and Projections,"Spurious non-physical correlations learned by standard fully connected neural networks degrade online performance, leading to double-ITCZ biases and instability.",Online stability / offline–online gap; Physical consistency / conservation; Interpretability / causality / equifinality; Structural / model error & biases
44a9f82d3545,2,Fernando Iglesias-Suarez,2024,Atmosphere,Causally-informed Deep Learning to Improve Climate Models and Projections,"Coupling 65 individual single-output neural networks via the Fortran-Keras Bridge is computationally expensive (~20 times slower than a single multi-output neural network, matching the cost of the original SPCAM).",Computational cost / scaling; Software / model–ML integration
44a9f82d3545,2,Fernando Iglesias-Suarez,2024,Atmosphere,Causally-informed Deep Learning to Improve Climate Models and Projections,Causal discovery and pruning alone do not solve the out-of-distribution generalization failure under warm climate (+4 K) conditions.,Generalization / out-of-distribution; Interpretability / causality / equifinality
44a9f82d3545,2,Fernando Iglesias-Suarez,2024,Atmosphere,Causally-informed Deep Learning to Improve Climate Models and Projections,Optimization of the causal graph threshold is sensitive; suboptimal causal thresholds cause online hybrid model instabilities or severe biases.,Online stability / offline–online gap; Interpretability / causality / equifinality; Structural / model error & biases
528f51b3a8d6,2,Amanda R. Fay,2023,Ocean,Immediate and Long-Lasting Impacts of the Mt. Pinatubo Eruption on Ocean Oxygen and Carbon Inventories,Large internal climate variability masks forced signals in surface air-sea fluxes at regional and grid scales.,Scale mismatch / resolution / subgrid
528f51b3a8d6,2,Amanda R. Fay,2023,Ocean,Immediate and Long-Lasting Impacts of the Mt. Pinatubo Eruption on Ocean Oxygen and Carbon Inventories,Aerosol forcing files in CESM1 underestimate aerosol loading in the Southern Hemisphere following the Pinatubo eruption.,Other
528f51b3a8d6,2,Amanda R. Fay,2023,Ocean,Immediate and Long-Lasting Impacts of the Mt. Pinatubo Eruption on Ocean Oxygen and Carbon Inventories,"Coarse nominal 1-degree resolution leads to known biases in tropical oxygen minimum zones, equatorial ventilation, and diapycnal mixing over rough topography.",Structural / model error & biases; Scale mismatch / resolution / subgrid
7adc83572dfc,2,Arndt Kaps,2022,Atmosphere,Machine-learned Cloud Classes from Satellite data for Process-oriented Climate Model Evaluation,"Severe class imbalance in satellite cloud types (e.g., very few Stratus and Deep Convection samples; Cumulus and Cirrus underestimated).",Extremes / tails / imbalance
7adc83572dfc,2,Arndt Kaps,2022,Atmosphere,Machine-learned Cloud Classes from Satellite data for Process-oriented Climate Model Evaluation,"Standard climate model output (e.g., CMIP6) typically lacks instantaneous values and key cloud optical/microphysical variables (e.g., cloud optical thickness, liquid and ice effective radii).",Other
7adc83572dfc,2,Arndt Kaps,2022,Atmosphere,Machine-learned Cloud Classes from Satellite data for Process-oriented Climate Model Evaluation,"Model performance breaks down when applied to temporally averaged (e.g., monthly mean) data instead of instantaneous/near-instantaneous data.",Other
7adc83572dfc,2,Arndt Kaps,2022,Atmosphere,Machine-learned Cloud Classes from Satellite data for Process-oriented Climate Model Evaluation,Distinguishing Stratus from Stratocumulus is difficult due to sensor footprint limitations and similar physical characteristics.,Scale mismatch / resolution / subgrid
7adc83572dfc,2,Arndt Kaps,2022,Atmosphere,Machine-learned Cloud Classes from Satellite data for Process-oriented Climate Model Evaluation,"Passive sensor satellite retrievals have high uncertainties in high-latitude/polar regions (e.g., Greenland, Antarctica) and difficulty assessing thermodynamic phase in mixed-phase clouds.",Uncertainty quantification / ensembles
7adc83572dfc,2,Arndt Kaps,2022,Atmosphere,Machine-learned Cloud Classes from Satellite data for Process-oriented Climate Model Evaluation,Scaling Random Forests to hundreds of millions of samples requires heavy subsampling due to memory constraints; CNN replacements failed to converge.,Computational cost / scaling
8210b7390744,2,Tse-Chun Chen,2022,Atmosphere,Correcting Systematic and State-Dependent Errors in the NOAA FV3-GFS Using Neural Networks,"Language/framework interface barrier: interfacing Fortran FV3-GFS with Python ML required stop-and-restart execution with intermediate files every 6 hours, creating an operational bottleneck.",Software / model–ML integration
8210b7390744,2,Tse-Chun Chen,2022,Atmosphere,Correcting Systematic and State-Dependent Errors in the NOAA FV3-GFS Using Neural Networks,"Low signal-to-noise ratio in training data: analysis increments conflate systematic model error with observational network heterogeneity, measurement noise, and initial condition errors.",Structural / model error & biases; Scale mismatch / resolution / subgrid; Measurement noise / data quality
8210b7390744,2,Tse-Chun Chen,2022,Atmosphere,Correcting Systematic and State-Dependent Errors in the NOAA FV3-GFS Using Neural Networks,"Resolution transferability: 2D CNN kernels trained on T21 could not be directly executed on C192, necessitating spectral truncation and zero-padding upscaling pipelines.",Generalization / out-of-distribution; Smoothing / loss of small-scale variance; Scale mismatch / resolution / subgrid; Numerics / boundaries / discretization
8210b7390744,2,Tse-Chun Chen,2022,Atmosphere,Correcting Systematic and State-Dependent Errors in the NOAA FV3-GFS Using Neural Networks,"Generalization breakdown for specific variables: u-wind showed skill offline but degraded online forecast performance in upper atmospheric levels, indicating state-dependent increments contained confounding non-model-error information.",Online stability / offline–online gap; Generalization / out-of-distribution; Interpretability / causality / equifinality; Predictability / initialization / skill
9895f2e76861,2,Kenza Tazi,2022,Atmosphere; Land & hydrology,PYROCAST: a Machine Learning Pipeline to Forecast Pyrocumulonimbus (PyroCb) Clouds,"Limited sample size of extreme pyroCb events (~84 events / ~6k observations used in training), leading to rapid overfitting in deep CNN models",Sparse / limited observations; Extremes / tails / imbalance
9895f2e76861,2,Kenza Tazi,2022,Atmosphere; Land & hydrology,PYROCAST: a Machine Learning Pipeline to Forecast Pyrocumulonimbus (PyroCb) Clouds,Heavy class imbalance requiring weighting in tree splitting,Extremes / tails / imbalance
9895f2e76861,2,Kenza Tazi,2022,Atmosphere; Land & hydrology,PYROCAST: a Machine Learning Pipeline to Forecast Pyrocumulonimbus (PyroCb) Clouds,Lower predictive skill when pyroconvection is already active compared to when no convection is yet visible,Predictability / initialization / skill
9895f2e76861,2,Kenza Tazi,2022,Atmosphere; Land & hydrology,PYROCAST: a Machine Learning Pipeline to Forecast Pyrocumulonimbus (PyroCb) Clouds,Practical limitation of the 'weather oracle' setup when replaced by real weather forecasts,Predictability / initialization / skill
a289dbb4d9dd,2,Griffin Mooers,2023,Atmosphere,Comparing Storm Resolving Models and Climates via Unsupervised Machine Learning,Massive data volume of global storm-resolving models (nearly 2 petabytes per model for 40 days of hourly output) making analysis and storage a major bottleneck.,Data volume / access / storage
a289dbb4d9dd,2,Griffin Mooers,2023,Atmosphere,Comparing Storm Resolving Models and Climates via Unsupervised Machine Learning,Lack of standardized objective methods to compare high-resolution model dynamics and convective organization.,Scale mismatch / resolution / subgrid
a289dbb4d9dd,2,Griffin Mooers,2023,Atmosphere,Comparing Storm Resolving Models and Climates via Unsupervised Machine Learning,Differences in vertical and horizontal grid structures across various GSRMs requiring interpolation onto standardized grids.,Predictability / initialization / skill
a289dbb4d9dd,2,Griffin Mooers,2023,Atmosphere,Comparing Storm Resolving Models and Climates via Unsupervised Machine Learning,"Instability/non-robustness of traditional dimensionality reduction and clustering approaches (raw pixel space, PCA) in high-dimensional turbulent vertical velocity fields.",Online stability / offline–online gap; Nonlinearity / high dimensionality
a4e4dff190c8,2,Val Bennington,2022,Ocean,Explicit Physical Knowledge in Machine Learning for Ocean Carbon Flux Reconstruction: The pCO2-Residual Method,"Severe spatial and temporal sparsity of in situ pCO2 observations, particularly in the Southern Hemisphere during winter",Sparse / limited observations
a4e4dff190c8,2,Val Bennington,2022,Ocean,Explicit Physical Knowledge in Machine Learning for Ocean Carbon Flux Reconstruction: The pCO2-Residual Method,"Missing satellite chlorophyll observations prior to 1998 and polar winter darkness gaps, requiring climatology and interpolation that introduce uncertainty (~0.1 PgC/yr)",Uncertainty quantification / ensembles
a4e4dff190c8,2,Val Bennington,2022,Ocean,Explicit Physical Knowledge in Machine Learning for Ocean Carbon Flux Reconstruction: The pCO2-Residual Method,Competing physical effects where SST has both direct thermodynamic impacts on pCO2 and indirect correlation through stratification and mixing,Other
a4e4dff190c8,2,Val Bennington,2022,Ocean,Explicit Physical Knowledge in Machine Learning for Ocean Carbon Flux Reconstruction: The pCO2-Residual Method,Piston velocity and wind product uncertainty driving substantial regional uncertainty in air-sea CO2 flux calculations,Uncertainty quantification / ensembles
a4e4dff190c8,2,Val Bennington,2022,Ocean,Explicit Physical Knowledge in Machine Learning for Ocean Carbon Flux Reconstruction: The pCO2-Residual Method,Uncertainty in riverine outgassing correction (0.49 ± 0.26 PgC/yr) when estimating anthropogenic fluxes from net flux products,Uncertainty quantification / ensembles
abb9931d5cbe,2,Hannah Christensen,2022,Atmosphere,Parametrization in Weather and Climate Models,Lack of clear scale separation / the gray zone where unresolved and resolved fluxes are of comparable magnitude,Scale mismatch / resolution / subgrid
abb9931d5cbe,2,Hannah Christensen,2022,Atmosphere,Parametrization in Weather and Climate Models,Compartmentalization of processes leading to compensating biases between parameterization schemes,Structural / model error & biases
abb9931d5cbe,2,Hannah Christensen,2022,Atmosphere,Parametrization in Weather and Climate Models,Online numerical instability of ML parameterizations despite high offline training accuracy,Online stability / offline–online gap; Numerics / boundaries / discretization
abb9931d5cbe,2,Hannah Christensen,2022,Atmosphere,Parametrization in Weather and Climate Models,"Difficulty enforcing conservation laws (mass, momentum, energy) in ML and stochastic parameterizations",Physical consistency / conservation; Uncertainty quantification / ensembles
abb9931d5cbe,2,Hannah Christensen,2022,Atmosphere,Parametrization in Weather and Climate Models,Generalization/universality to unseen climate regimes and across different model resolutions or configurations,Generalization / out-of-distribution; Scale mismatch / resolution / subgrid
abb9931d5cbe,2,Hannah Christensen,2022,Atmosphere,Parametrization in Weather and Climate Models,Data scarcity and computational cost of generating high-resolution simulations needed for training,Sparse / limited observations; Computational cost / scaling; Scale mismatch / resolution / subgrid
b4f6a6f64861,2,Chaopeng Shen,2023,Land & hydrology,Differentiable modeling to unify machine learning and physical models and advance Geosciences,Reimplementation cost for legacy models into automatic differentiation frameworks,Software / model–ML integration
b4f6a6f64861,2,Chaopeng Shen,2023,Land & hydrology,Differentiable modeling to unify machine learning and physical models and advance Geosciences,Vanishing/exploding gradient problems when differentiating through long time-stepping numerical solvers,Numerics / boundaries / discretization
b4f6a6f64861,2,Chaopeng Shen,2023,Land & hydrology,Differentiable modeling to unify machine learning and physical models and advance Geosciences,"Mathematical non-differentiabilities (e.g. thresholds, conditional branching) requiring continuous approximations",Software / model–ML integration
b4f6a6f64861,2,Chaopeng Shen,2023,Land & hydrology,Differentiable modeling to unify machine learning and physical models and advance Geosciences,"Severe data scarcity, heterogeneity, and spatial/temporal imbalances across geoscientific domains",Sparse / limited observations; Extremes / tails / imbalance; Scale mismatch / resolution / subgrid
b4f6a6f64861,2,Chaopeng Shen,2023,Land & hydrology,Differentiable modeling to unify machine learning and physical models and advance Geosciences,Nonstationarity under climate change causing out-of-distribution generalization failures,Generalization / out-of-distribution
b4f6a6f64861,2,Chaopeng Shen,2023,Land & hydrology,Differentiable modeling to unify machine learning and physical models and advance Geosciences,Equifinality and non-uniqueness in physical parameter inversion,Interpretability / causality / equifinality; Ill-posed inverse problems / non-uniqueness
c4f36a0b7a77,2,Gunnar Behrens,2022,Atmosphere,Non-Linear Dimensionality Reduction With a Variational Encoder Decoder to Understand Convective Processes in Climate Models,High dimensionality of standard deep neural network parameterizations limits interpretability and trust.,Interpretability / causality / equifinality; Nonlinearity / high dimensionality
c4f36a0b7a77,2,Gunnar Behrens,2022,Atmosphere,Non-Linear Dimensionality Reduction With a Variational Encoder Decoder to Understand Convective Processes in Climate Models,Lower tropospheric moistening tendencies in the subtropics remain difficult to reproduce accurately due to stochastic variability.,Uncertainty quantification / ensembles
c4f36a0b7a77,2,Gunnar Behrens,2022,Atmosphere,Non-Linear Dimensionality Reduction With a Variational Encoder Decoder to Understand Convective Processes in Climate Models,Trade-off between latent space compression (e.g. 5 nodes) and accuracy relative to uncompressed overparameterized neural networks.,Other
cac32102873b,2,Chengliang Tang,2022,Atmosphere,Wasserstein Distributional Learning,Inherent non-negativity and unit-integral constraints of probability density functions in functional regression,Other
cac32102873b,2,Chengliang Tang,2022,Atmosphere,Wasserstein Distributional Learning,Non-convexity and noisy loss gradients when optimizing the Wasserstein loss directly over mixture model parameters,Measurement noise / data quality
cac32102873b,2,Chengliang Tang,2022,Atmosphere,Wasserstein Distributional Learning,Computational scaling and non-crossing quantile function constraints in existing methods such as Fréchet regression,Other
cac32102873b,2,Chengliang Tang,2022,Atmosphere,Wasserstein Distributional Learning,Handling sparse empirical quantiles where continuous density estimates are not directly available,Sparse / limited observations
cc5ee9533916,2,Andrew Slavin Ross,2022,Ocean,Benchmarking of machine learning ocean subgrid parameterizations in an idealized model,Offline skill (high R^2) does not necessarily correspond to good online physical fidelity or stability.,Online stability / offline–online gap; Predictability / initialization / skill
cc5ee9533916,2,Andrew Slavin Ross,2022,Ocean,Benchmarking of machine learning ocean subgrid parameterizations in an idealized model,Choice of coarse-graining and filtering operator drastically impacts online performance.,Online stability / offline–online gap; Scale mismatch / resolution / subgrid
cc5ee9533916,2,Andrew Slavin Ross,2022,Ocean,Benchmarking of machine learning ocean subgrid parameterizations in an idealized model,Neural network parameterizations generalize poorly across different dynamical flow regimes (e.g. transferring from eddy configuration to jet configuration).,Generalization / out-of-distribution
cc5ee9533916,2,Andrew Slavin Ross,2022,Ocean,Benchmarking of machine learning ocean subgrid parameterizations in an idealized model,Parameterizations improve long-term statistical metrics but can degrade short-term trajectory skill (decorrelation times).,Predictability / initialization / skill
cc5ee9533916,2,Andrew Slavin Ross,2022,Ocean,Benchmarking of machine learning ocean subgrid parameterizations in an idealized model,Standard sparse symbolic regression scales poorly with higher-order spatial derivatives.,Sparse / limited observations
cf1ecb7fdfda,2,Reda ElGhawi,2023,Land & hydrology,Hybrid modeling of evapotranspiration: inferring stomatal and aerodynamic resistances using combined physics-based and machine learning,Equifinality/non-uniqueness when inferring multiple latent intermediate resistances simultaneously from a single target flux (QLE),Interpretability / causality / equifinality; Ill-posed inverse problems / non-uniqueness
cf1ecb7fdfda,2,Reda ElGhawi,2023,Land & hydrology,Hybrid modeling of evapotranspiration: inferring stomatal and aerodynamic resistances using combined physics-based and machine learning,Physically implausible or uninterpretable intermediate variables when models are under-constrained,Physical consistency / conservation; Interpretability / causality / equifinality
cf1ecb7fdfda,2,Reda ElGhawi,2023,Land & hydrology,Hybrid modeling of evapotranspiration: inferring stomatal and aerodynamic resistances using combined physics-based and machine learning,Energy balance closure problem in eddy covariance observations requiring correction filters and screening,Physical consistency / conservation
cf1ecb7fdfda,2,Reda ElGhawi,2023,Land & hydrology,Hybrid modeling of evapotranspiration: inferring stomatal and aerodynamic resistances using combined physics-based and machine learning,Instability and observational noise amplification when inverting physical equations directly,Online stability / offline–online gap; Measurement noise / data quality; Ill-posed inverse problems / non-uniqueness
d8418c32be5b,2,Galen A McKinley,2023,Ocean,Modern air-sea flux distributions reduce uncertainty in the future ocean carbon sink,Large quantitative spread across ESMs in 21st-century ocean carbon sink projections (up to 50 PgC in CMIP6 and 120 PgC in MAGICC7).,Uncertainty quantification / ensembles
d8418c32be5b,2,Galen A McKinley,2023,Ocean,Modern air-sea flux distributions reduce uncertainty in the future ocean carbon sink,Sparsity of direct ocean observations introduces uncertainty in modern observation-based flux estimates.,Sparse / limited observations; Uncertainty quantification / ensembles
d8418c32be5b,2,Galen A McKinley,2023,Ocean,Modern air-sea flux distributions reduce uncertainty in the future ocean carbon sink,"Significant regional and zonal-mean discrepancies between ESM air-sea CO2 fluxes and observation-derived products (e.g., Southern Ocean sink vs source).",Other
f944e0338f4e,2,Sara Shamekh,2023,Atmosphere,Implicit learning of convective organization explains precipitation stochasticity,Coarse-scale variables alone fail to predict precipitation variability and extreme precipitation (R^2 ~ 0.45).,Extremes / tails / imbalance
f944e0338f4e,2,Sara Shamekh,2023,Atmosphere,Implicit learning of convective organization explains precipitation stochasticity,"In climate models, high-resolution fields are unavailable at runtime to extract organization metrics directly, requiring prognostic or memory-based prediction of latent organization variables.",Online stability / offline–online gap; Computational cost / scaling; Data volume / access / storage; Scale mismatch / resolution / subgrid
f944e0338f4e,2,Sara Shamekh,2023,Atmosphere,Implicit learning of convective organization explains precipitation stochasticity,Non-Gaussian distribution and heavy tails of precipitation make accurate modeling of extremes difficult.,Extremes / tails / imbalance
ffc9062d8483,2,Suki C. K. Wong,2022,Ocean,Equatorial Pacific pCO2 Interannual Variability in CMIP6 Models,"Most CMIP6 models systematically underestimate interannual variability of surface ocean pCO2 and air-sea CO2 flux, while overestimating sea surface temperature variability.",Other
ffc9062d8483,2,Suki C. K. Wong,2022,Ocean,Equatorial Pacific pCO2 Interannual Variability in CMIP6 Models,"Mean vertical gradients of dissolved inorganic carbon (DIC) are biased weak across CMIP6 models compared to GLODAPv2 observations, damping the non-thermal response to upwelling.",Structural / model error & biases
ffc9062d8483,2,Suki C. K. Wong,2022,Ocean,Equatorial Pacific pCO2 Interannual Variability in CMIP6 Models,"Thermal and non-thermal pCO2 anomalies excessively cancel each other in models, resulting in unrealistically weak net pCO2 anomalies.",Other
00b7836e3f0c,3,Dion J. X. Ho,2024,Atmosphere,PythonicDISORT: A Python reimplementation of the Discrete Ordinate Radiative Transfer package DISORT,Computational speed trade-off: PythonicDISORT is slower than FORTRAN DISORT,Software / model–ML integration
00b7836e3f0c,3,Dion J. X. Ho,2024,Atmosphere,PythonicDISORT: A Python reimplementation of the Discrete Ordinate Radiative Transfer package DISORT,Lacks latest advanced features of DISORT such as pseudo-spherical correction,Other
01340dcd75f7,3,Joseph Ko,2024,Atmosphere,Classification of Cloud Particle Imagery Using Variational Autoencoders and Unsupervised Clustering,Scale disparities between microphysical processes and model grid resolution,Scale mismatch / resolution / subgrid
01340dcd75f7,3,Joseph Ko,2024,Atmosphere,Classification of Cloud Particle Imagery Using Variational Autoencoders and Unsupervised Clustering,Incomplete understanding and representation of ice crystal shapes (habits) in microphysics schemes,Missing / simplified process representation
01340dcd75f7,3,Joseph Ko,2024,Atmosphere,Classification of Cloud Particle Imagery Using Variational Autoencoders and Unsupervised Clustering,Vast datasets of millions of CPI images from airborne campaigns have seen limited analyses due to labeling and processing bottlenecks,Measurement noise / data quality
01340dcd75f7,3,Joseph Ko,2024,Atmosphere,Classification of Cloud Particle Imagery Using Variational Autoencoders and Unsupervised Clustering,"Supervised learning requires costly manual labeling, motivating unsupervised VAE and clustering approaches",Measurement noise / data quality
0f970eba5521,3,Cheng Zhang,2023,Ocean,Implementation and Evaluation of a Machine Learned Mesoscale Eddy Parameterization Into a Numerical Ocean Circulation Model,"Language interoperability: bridging compiled Fortran (MOM6) and Python (PyTorch) required using Forpy, with manual array conversion between Fortran and NumPy.",Software / model–ML integration
0f970eba5521,3,Cheng Zhang,2023,Ocean,Implementation and Evaluation of a Machine Learned Mesoscale Eddy Parameterization Into a Numerical Ocean Circulation Model,"Stencil and halo width: The CNN's 21x21 stencil required expanding parallel MPI halo widths to 10 (vs. MOM6's default 3-4), increasing memory and communication complexity.",Computational cost / scaling
0f970eba5521,3,Cheng Zhang,2023,Ocean,Implementation and Evaluation of a Machine Learned Mesoscale Eddy Parameterization Into a Numerical Ocean Circulation Model,"Prohibitive CPU inference costs: Inference on CPUs took ~10x more processing time than the MOM6 dynamical core (~268,000 FLOPs per grid point).",Computational cost / scaling; Numerics / boundaries / discretization
0f970eba5521,3,Cheng Zhang,2023,Ocean,Implementation and Evaluation of a Machine Learned Mesoscale Eddy Parameterization Into a Numerical Ocean Circulation Model,"Hardware and parallelization constraints: GPU inference reduced costs significantly via CUDA Multi-Process Service (MPS), but MPS limits of 16 CPU cores per GPU required custom data-gathering MPI interfaces.",Computational cost / scaling
0f970eba5521,3,Cheng Zhang,2023,Ocean,Implementation and Evaluation of a Machine Learned Mesoscale Eddy Parameterization Into a Numerical Ocean Circulation Model,"Grid staggering mismatch: MOM6 uses an Arakawa C-grid while the CNN was trained on co-located B-grid velocities, necessitating spatial interpolation to and from velocity points.",Data harmonization / mismatch
0f970eba5521,3,Cheng Zhang,2023,Ocean,Implementation and Evaluation of a Machine Learned Mesoscale Eddy Parameterization Into a Numerical Ocean Circulation Model,"Lateral boundary artifacts: The CNN produced spurious, strongly sheared eddy structures near rigid walls and bathymetry because training data excluded land/coastal regions.",Interpretability / causality / equifinality; Measurement noise / data quality; Missing / simplified process representation; Numerics / boundaries / discretization
0f970eba5521,3,Cheng Zhang,2023,Ocean,Implementation and Evaluation of a Machine Learned Mesoscale Eddy Parameterization Into a Numerical Ocean Circulation Model,"Vertical generalization: A model trained solely on surface data over-energized upper layers while under-energizing lower layers, requiring empirical layer-by-layer tuning coefficients.",Generalization / out-of-distribution; Parameter calibration / tuning
143b352946ff,3,,2024,Atmosphere,Informing Depositional Ice Growth Models Through 3-D Reconstruction of Ice Crystal Images Using Machine Learning,"Single-view 2-D images from CPI do not explicitly capture 3-D geometric features (e.g., mass-density relationships)",Other
143b352946ff,3,,2024,Atmosphere,Informing Depositional Ice Growth Models Through 3-D Reconstruction of Ice Crystal Images Using Machine Learning,Significant scale disparities between climate/weather model grid scales and single particle scales,Scale mismatch / resolution / subgrid
143b352946ff,3,,2024,Atmosphere,Informing Depositional Ice Growth Models Through 3-D Reconstruction of Ice Crystal Images Using Machine Learning,Incomplete physical understanding and limited habit representation in current depositional ice growth microphysics parameterizations,Missing / simplified process representation
152833564544,3,Abigail Bodner,2025,Ocean,A Data-Driven Approach for Parameterizing Ocean Submesoscale Buoyancy Fluxes,Prediction skill drops significantly in winter/spring and near strong boundary currents when submesoscale fluxes are strongest,Predictability / initialization / skill; Numerics / boundaries / discretization
152833564544,3,Abigail Bodner,2025,Ocean,A Data-Driven Approach for Parameterizing Ocean Submesoscale Buoyancy Fluxes,"Negative vertical buoyancy fluxes (frontogenesis) are scarce in the training data (<5% of samples), leading to weaker reconstruction fidelity for negative fluxes",Sparse / limited observations
152833564544,3,Abigail Bodner,2025,Ocean,A Data-Driven Approach for Parameterizing Ocean Submesoscale Buoyancy Fluxes,"Skill degrades at smaller coarse-graining filter scales (e.g., 1/12° and 1/8°)",Scale mismatch / resolution / subgrid; Predictability / initialization / skill
152833564544,3,Abigail Bodner,2025,Ocean,A Data-Driven Approach for Parameterizing Ocean Submesoscale Buoyancy Fluxes,"Non-local dependency requires multi-point stencils (receptive field of ~7 grid cells) to capture strain and divergence effects, complicating single-column implementations in traditional GCMs",Software / model–ML integration
17c0ae73731b,3,Sungduk Yu,2024,Atmosphere,ClimSim-Online: A Large Multi-scale Dataset and Framework for Hybrid ML-physics Climate Emulation,Offline metrics do not necessarily correlate with online stability or skill; small timestep errors compound rapidly.,Online stability / offline–online gap; Predictability / initialization / skill; Numerics / boundaries / discretization
17c0ae73731b,3,Sungduk Yu,2024,Atmosphere,ClimSim-Online: A Large Multi-scale Dataset and Framework for Hybrid ML-physics Climate Emulation,Unconstrained MLPs lead to catastrophic instability/blowup in coupled simulations within 1-2 months.,Online stability / offline–online gap
17c0ae73731b,3,Sungduk Yu,2024,Atmosphere,ClimSim-Online: A Large Multi-scale Dataset and Framework for Hybrid ML-physics Climate Emulation,Physical inconsistencies and non-conservation of mass/energy; unconstrained cloud formation in stratosphere.,Physical consistency / conservation
17c0ae73731b,3,Sungduk Yu,2024,Atmosphere,ClimSim-Online: A Large Multi-scale Dataset and Framework for Hybrid ML-physics Climate Emulation,Coupling Python ML frameworks with Fortran ESM codes (resolved using PyTorch-Fortran and TorchScript containers).,Software / model–ML integration
17c0ae73731b,3,Sungduk Yu,2024,Atmosphere,ClimSim-Online: A Large Multi-scale Dataset and Framework for Hybrid ML-physics Climate Emulation,Missing some storage/precipitation mixing ratio terms prevents exact closed water and energy mass balance enforcement directly from archived outputs.,Data volume / access / storage; Physical consistency / conservation
1a47f956f011,3,Pavel Perezhogin,2024,Ocean,A stable implementation of a data-driven scale-aware mesoscale parameterization,"Grid-scale numerical instabilities and noise generation when implementing discovered closure online, requiring low-pass filtering passes and high-pass filtering of inputs.",Online stability / offline–online gap; Scale mismatch / resolution / subgrid; Measurement noise / data quality; Numerics / boundaries / discretization
1a47f956f011,3,Pavel Perezhogin,2024,Ocean,A stable implementation of a data-driven scale-aware mesoscale parameterization,Aliasing errors on Arakawa C-grid requiring a shift from energy-conserving to non-conserving discretization in NW2.,Physical consistency / conservation; Numerics / boundaries / discretization
1a47f956f011,3,Pavel Perezhogin,2024,Ocean,A stable implementation of a data-driven scale-aware mesoscale parameterization,"Very thin isopycnal layers (down to 10^-2 m) causing runtime crashes, negative thickness, or NaNs in multi-layer primitive equation setups.",Online stability / offline–online gap; Computational cost / scaling
1a47f956f011,3,Pavel Perezhogin,2024,Ocean,A stable implementation of a data-driven scale-aware mesoscale parameterization,Need for an ad-hoc attenuation function in regions of geostrophically unbalanced flows or high strain.,Other
1a47f956f011,3,Pavel Perezhogin,2024,Ocean,A stable implementation of a data-driven scale-aware mesoscale parameterization,"Filtering schemes increase online runtime overhead by 4-6% and cannot completely replace viscous/enstrophy dissipation, still requiring supplementary biharmonic Smagorinsky viscosity.",Online stability / offline–online gap; Computational cost / scaling; Data harmonization / mismatch
1a47f956f011,3,Pavel Perezhogin,2024,Ocean,A stable implementation of a data-driven scale-aware mesoscale parameterization,"Trade-off between optimizing mean state (SSH, APE) and energizing eddies/reproducing backscatter (KE).",Other
2869e5f2ad35,3,Qingyuan Yang,2023,Climate system / methods (general),Two sources of uncertainty in estimating tephra volumes from isopachs: perspectives and quantification,Model uncertainty due to empirical/analytical curves deviating from true deposit thinning patterns,Uncertainty quantification / ensembles
2869e5f2ad35,3,Qingyuan Yang,2023,Climate system / methods (general),Two sources of uncertainty in estimating tephra volumes from isopachs: perspectives and quantification,Fitting in log-transformed space (log thickness vs square root isopach area) hides large relative errors in real space and area-integrated volume,Other
2869e5f2ad35,3,Qingyuan Yang,2023,Climate system / methods (general),Two sources of uncertainty in estimating tephra volumes from isopachs: perspectives and quantification,Uncertainty in extrapolation (proximal and distal volumes beyond observed isopachs) cannot be validated against data,Generalization / out-of-distribution; Uncertainty quantification / ensembles
2888fdcca7b4,3,Holly C. Olivarez,2024,Ocean,How Does the Pinatubo Eruption Influence Our Understanding of Long-Term Changes in Ocean Biogeochemistry?,"Horizontal resolution of the model (~100 km) is coarser than hydrographic measurement spacing (~20 km), requiring spatial aggregation that misses fine-scale structure",Smoothing / loss of small-scale variance; Scale mismatch / resolution / subgrid; Predictability / initialization / skill
2888fdcca7b4,3,Holly C. Olivarez,2024,Ocean,How Does the Pinatubo Eruption Influence Our Understanding of Long-Term Changes in Ocean Biogeochemistry?,Missing volcanic ash micro-nutrients that can stimulate marine ecosystem carbon uptake,Other
2888fdcca7b4,3,Holly C. Olivarez,2024,Ocean,How Does the Pinatubo Eruption Influence Our Understanding of Long-Term Changes in Ocean Biogeochemistry?,Ensemble size limits (29 members) when separating forced signals from high internal variability,Uncertainty quantification / ensembles
2bc95be8c223,3,Xing Li,2023,Atmosphere; Land & hydrology,New-generation geostationary satellite reveals widespread midday depression in dryland photosynthesis during 2020 western U.S. heatwave,"Cloud contamination causes missing satellite land surface temperature observations, requiring gap-filling with reanalysis data (ERA5-Land).",Other
2bc95be8c223,3,Xing Li,2023,Atmosphere; Land & hydrology,New-generation geostationary satellite reveals widespread midday depression in dryland photosynthesis during 2020 western U.S. heatwave,Spatial scale mismatch between eddy covariance tower footprints and satellite or reanalysis grid cell resolutions.,Scale mismatch / resolution / subgrid; Data harmonization / mismatch
2bc95be8c223,3,Xing Li,2023,Atmosphere; Land & hydrology,New-generation geostationary satellite reveals widespread midday depression in dryland photosynthesis during 2020 western U.S. heatwave,"Conventional diurnal upscaling from polar-orbiting satellite snapshots assumes radiation-symmetric diurnal cycles, introducing major biases during heatwaves and droughts where midday depression occurs.",Structural / model error & biases; Scale mismatch / resolution / subgrid; Missing / simplified process representation
2e7c59a0c271,3,Pierre Gentine,2023,Atmosphere,Intrinsic dimension of spatio-temporal chaotic systems,"Loss functions targeting single next-time-step prediction focus on high-frequency noise and high dimensionality, failing to capture low-frequency dynamics critical for long-range prediction",Measurement noise / data quality; Nonlinearity / high dimensionality; Numerics / boundaries / discretization
30c9d9a843b6,3,Kaitlyn Loftus,2023,Atmosphere,Parameterizing Cloud Microphysics with Machine Learning-Enabled Bayesian Parameter Inference,High computational expense of atmospheric models/LES prevents direct Markov Chain Monte Carlo (MCMC) sampling for Bayesian parameter inference,Computational cost / scaling; Parameter calibration / tuning
30c9d9a843b6,3,Kaitlyn Loftus,2023,Atmosphere,Parameterizing Cloud Microphysics with Machine Learning-Enabled Bayesian Parameter Inference,Parameter equifinality in cloud microphysics schemes and sensitivity to metric selection,Interpretability / causality / equifinality
30c9d9a843b6,3,Kaitlyn Loftus,2023,Atmosphere,Parameterizing Cloud Microphysics with Machine Learning-Enabled Bayesian Parameter Inference,Structural uncertainty across different parameterization designs,Uncertainty quantification / ensembles; Structural / model error & biases
318afe7f30d1,3,Mohamed Aziz Bhouri,2023,Atmosphere,Memory-based parameterization with differentiable solver: Application to Lorenz ’96,Standard instantaneous parameterizations fail over long time horizons due to stochasticity and unobserved fast variables.,Sparse / limited observations; Uncertainty quantification / ensembles; Predictability / initialization / skill
318afe7f30d1,3,Mohamed Aziz Bhouri,2023,Atmosphere,Memory-based parameterization with differentiable solver: Application to Lorenz ’96,Delay Differential Equations with standard Runge-Kutta schemes risk requiring data interpolation across time-lags; avoided here by doubling integration time step.,Numerics / boundaries / discretization
318afe7f30d1,3,Mohamed Aziz Bhouri,2023,Atmosphere,Memory-based parameterization with differentiable solver: Application to Lorenz ’96,Temporal coarse-graining and discretization introduce significant numerical errors in online integration.,Online stability / offline–online gap; Scale mismatch / resolution / subgrid; Numerics / boundaries / discretization
3acff62a394f,3,Christian Pedersen,2023,Ocean,Reliable coarse-grained turbulent simulations through combined offline learning and neural emulation,Instabilities and energy accumulation at the gridscale when offline-trained ML parameterizations are coupled online,Online stability / offline–online gap; Scale mismatch / resolution / subgrid
3acff62a394f,3,Christian Pedersen,2023,Ocean,Reliable coarse-grained turbulent simulations through combined offline learning and neural emulation,Inability to differentiate through legacy numerical ocean and climate models to do end-to-end online training,Online stability / offline–online gap; Software / model–ML integration; Numerics / boundaries / discretization
3acff62a394f,3,Christian Pedersen,2023,Ocean,Reliable coarse-grained turbulent simulations through combined offline learning and neural emulation,Trade-off between capturing inverse energy cascade/backscatter and ensuring numerical stability,Numerics / boundaries / discretization
3b8811c646bc,3,Xuan Xi,2022,Atmosphere; Land & hydrology,Evaluating the effects of precipitation and evapotranspiration on soil moisture variability,Temporal discontinuity in daily satellite observations requires gap-filling before spectral Fourier analysis.,Smoothing / loss of small-scale variance
3b8811c646bc,3,Xuan Xi,2022,Atmosphere; Land & hydrology,Evaluating the effects of precipitation and evapotranspiration on soil moisture variability,Spatial resolution mismatch between coarse CMIP5 ESM grids and 36 km observational grids requires re-gridding.,Scale mismatch / resolution / subgrid; Data harmonization / mismatch
3b8811c646bc,3,Xuan Xi,2022,Atmosphere; Land & hydrology,Evaluating the effects of precipitation and evapotranspiration on soil moisture variability,"Observational uncertainties and retrieval errors in SMAP over densely vegetated, frozen, or water-body-adjacent terrain.",Uncertainty quantification / ensembles; Measurement noise / data quality
3b8811c646bc,3,Xuan Xi,2022,Atmosphere; Land & hydrology,Evaluating the effects of precipitation and evapotranspiration on soil moisture variability,"Non-linearities and time-variant processes (vegetation canopy interception, snow accumulation/melting, runoff) challenge the linear time-invariant (LTI) assumption of land hydrology.",Nonlinearity / high dimensionality; Missing / simplified process representation
40b2429ef7ac,3,Kara Lamb,2023,Atmosphere,Reduced Order Modeling to Reduce Structural Uncertainty in Representing Cloud Microphysical Process Rates,Moment-based microphysical parameterizations suffer from structural uncertainty due to representing inherently higher dimensional cloud processes with too few degrees of freedom,Uncertainty quantification / ensembles; Structural / model error & biases
40b2429ef7ac,3,Kara Lamb,2023,Atmosphere,Reduced Order Modeling to Reduce Structural Uncertainty in Representing Cloud Microphysical Process Rates,Representing collision-coalescence accurately requires at least an intrinsic dimension of 3,Nonlinearity / high dimensionality
494584d3acc0,3,Sara Shamekh,2023,Atmosphere,Learning Atmospheric Boundary Layer Turbulence,"Scale and grid dependence: trained on a single horizontal coarse-graining scale (1.5 km, gray zone) and fixed vertical grid discretization rather than being scale-adaptive or grid-agnostic",Scale mismatch / resolution / subgrid; Predictability / initialization / skill; Numerics / boundaries / discretization
494584d3acc0,3,Sara Shamekh,2023,Atmosphere,Learning Atmospheric Boundary Layer Turbulence,Extrapolation failure when generalizing to lower instability parameters (near-neutral / strongly shear-driven regimes) due to lack of self-similarity,Online stability / offline–online gap; Generalization / out-of-distribution
494584d3acc0,3,Sara Shamekh,2023,Atmosphere,Learning Atmospheric Boundary Layer Turbulence,"Latent space entanglement in standard VAEs, necessitating a specialized dual-branch encoder-decoder architecture to separate horizontal and vertical TKE modes",Predictability / initialization / skill
494584d3acc0,3,Sara Shamekh,2023,Atmosphere,Learning Atmospheric Boundary Layer Turbulence,"Inability to account for horizontal transport and heterogeneity with a 1D vertical column approach, leading to smoothing of individual profile fluctuations",Smoothing / loss of small-scale variance; Scale mismatch / resolution / subgrid; Predictability / initialization / skill
4a2b596c8646,3,Sungduk Yu,2023,Atmosphere; Land & hydrology,ClimSim: A large multi-scale dataset for hybrid physics-ML climate emulation,No downstream online coupling testbed/workflow yet integrated into the repository,Online stability / offline–online gap; Software / model–ML integration
4a2b596c8646,3,Sungduk Yu,2023,Atmosphere; Land & hydrology,ClimSim: A large multi-scale dataset for hybrid physics-ML climate emulation,Scale separation assumption inherent in MMF (laterally periodic CRM),Scale mismatch / resolution / subgrid; Missing / simplified process representation
4a2b596c8646,3,Sungduk Yu,2023,Atmosphere; Land & hydrology,ClimSim: A large multi-scale dataset for hybrid physics-ML climate emulation,Extreme events / tail behavior of precipitation are challenging to capture (negative R2 for extreme precipitation baselines),Extremes / tails / imbalance
4a2b596c8646,3,Sungduk Yu,2023,Atmosphere; Land & hydrology,ClimSim: A large multi-scale dataset for hybrid physics-ML climate emulation,Mass and energy conservation must be explicitly enforced,Physical consistency / conservation
4a2b596c8646,3,Sungduk Yu,2023,Atmosphere; Land & hydrology,ClimSim: A large multi-scale dataset for hybrid physics-ML climate emulation,High data volume for high-resolution dataset (41.2 TB),Data volume / access / storage; Scale mismatch / resolution / subgrid
52671b22a1d8,3,Kara D. Lamb,2024,Atmosphere,Learning Constraints on Depositional Ice Growth Models from Cloud Chamber Experiments with Physics Informed Neural Networks,Experimental cloud chamber measurements are difficult to interpret directly,Other
52671b22a1d8,3,Kara D. Lamb,2024,Atmosphere,Learning Constraints on Depositional Ice Growth Models from Cloud Chamber Experiments with Physics Informed Neural Networks,Model structural uncertainty and unknown parameters in depositional ice growth at low temperatures (180–235 K),Uncertainty quantification / ensembles; Structural / model error & biases
52671b22a1d8,3,Kara D. Lamb,2024,Atmosphere,Learning Constraints on Depositional Ice Growth Models from Cloud Chamber Experiments with Physics Informed Neural Networks,Reliance on simplified assumptions regarding ice crystal shape and functional forms of deposition coefficients,Missing / simplified process representation
53e678284355,3,Juan Nathaniel,2024,Atmosphere; Ocean; Land & hydrology; Cryosphere,"ChaosBench: A Multi-Channel, Physics-Based Benchmark for Subseasonal-to-Seasonal Climate Prediction",Predictive skill collapse on S2S horizons: state-of-the-art deterministic weather models collapse to or perform worse than unskilled climatology beyond 15-20 days.,Predictability / initialization / skill
53e678284355,3,Juan Nathaniel,2024,Atmosphere; Ocean; Land & hydrology; Cryosphere,"ChaosBench: A Multi-Channel, Physics-Based Benchmark for Subseasonal-to-Seasonal Climate Prediction",Error propagation in autoregressive rollout leads to rapid loss of multi-scale structure and high spectral divergence (blurring/smoothing).,Smoothing / loss of small-scale variance
53e678284355,3,Juan Nathaniel,2024,Atmosphere; Ocean; Land & hydrology; Cryosphere,"ChaosBench: A Multi-Channel, Physics-Based Benchmark for Subseasonal-to-Seasonal Climate Prediction",Extreme computational expense and data storage constraints for multi-decadal multi-channel global Earth system data across 124 variables.,Computational cost / scaling; Data volume / access / storage; Extremes / tails / imbalance
53e678284355,3,Juan Nathaniel,2024,Atmosphere; Ocean; Land & hydrology; Cryosphere,"ChaosBench: A Multi-Channel, Physics-Based Benchmark for Subseasonal-to-Seasonal Climate Prediction","S2S scale sensitivity to both initial conditions and boundary conditions (ocean, ice, land interactions).",Numerics / boundaries / discretization
566e8ae88e3e,3,Pierre Friedlingstein,2023,Atmosphere; Ocean; Land & hydrology,Global Carbon Budget 2023,Persistent uncertainty and divergence in land-use change emission estimates (ELUC) across bookkeeping models and DGVMs,Uncertainty quantification / ensembles
566e8ae88e3e,3,Pierre Friedlingstein,2023,Atmosphere; Ocean; Land & hydrology,Global Carbon Budget 2023,"Discrepancy between process-based global ocean biogeochemistry models (GOBMs) and surface observation-based fCO2 data products in trends and regional fluxes, particularly in the Southern Ocean",Other
566e8ae88e3e,3,Pierre Friedlingstein,2023,Atmosphere; Ocean; Land & hydrology,Global Carbon Budget 2023,Low agreement between atmospheric inversions and dynamic global vegetation models regarding northern extra-tropical land CO2 sink magnitude,Other
566e8ae88e3e,3,Pierre Friedlingstein,2023,Atmosphere; Ocean; Land & hydrology,Global Carbon Budget 2023,Sparse observational sampling of fCO2 in the Southern Hemisphere and ocean interior,Sparse / limited observations
566e8ae88e3e,3,Pierre Friedlingstein,2023,Atmosphere; Ocean; Land & hydrology,Global Carbon Budget 2023,Large uncertainty in riverine carbon outgassing adjustment and its latitudinal distribution,Uncertainty quantification / ensembles
589440f0ebac,3,Jingyi Bu,2024,Land & hydrology,Dryland evapotranspiration from remote sensing solar-induced chlorophyll fluorescence: Constraining an optimal stomatal model within a two-source energy balance model,Spatial scale mismatch between 0.05-degree remote sensing SIF pixels and sub-kilometer eddy covariance tower footprints,Scale mismatch / resolution / subgrid; Data harmonization / mismatch
589440f0ebac,3,Jingyi Bu,2024,Land & hydrology,Dryland evapotranspiration from remote sensing solar-induced chlorophyll fluorescence: Constraining an optimal stomatal model within a two-source energy balance model,High sub-pixel landscape heterogeneity in drylands and tree-grass savanna ecosystems,Scale mismatch / resolution / subgrid
589440f0ebac,3,Jingyi Bu,2024,Land & hydrology,Dryland evapotranspiration from remote sensing solar-induced chlorophyll fluorescence: Constraining an optimal stomatal model within a two-source energy balance model,"Decoupling of the SIF-photosynthesis relationship under intense water stress, drought, and heatwaves",Other
589440f0ebac,3,Jingyi Bu,2024,Land & hydrology,Dryland evapotranspiration from remote sensing solar-induced chlorophyll fluorescence: Constraining an optimal stomatal model within a two-source energy balance model,"Lack of reliable, high-resolution root-zone soil water content estimates to constrain stomatal regulation",Scale mismatch / resolution / subgrid
589440f0ebac,3,Jingyi Bu,2024,Land & hydrology,Dryland evapotranspiration from remote sensing solar-induced chlorophyll fluorescence: Constraining an optimal stomatal model within a two-source energy balance model,Errors in satellite land surface temperature retrievals used for model calibration,Parameter calibration / tuning
5b39153c87f9,3,Kara Diane Lamb,2023,Atmosphere,Reduced Order Modeling for Linearized Representations of Microphysical Process Rates,"Latent variable representations are not conserved quantities, creating difficulties for spatial advection and diffusion in 3D host atmospheric models",Physical consistency / conservation
5b39153c87f9,3,Kara Diane Lamb,2023,Atmosphere,Reduced Order Modeling for Linearized Representations of Microphysical Process Rates,Neglects turbulent enhancement of droplet collision-coalescence and air density variations,Missing / simplified process representation
5b39153c87f9,3,Kara Diane Lamb,2023,Atmosphere,Reduced Order Modeling for Linearized Representations of Microphysical Process Rates,Stochasticity of collision-coalescence is ignored due to deterministic bin microphysics kinetic collection solving,Uncertainty quantification / ensembles; Missing / simplified process representation
5b39153c87f9,3,Kara Diane Lamb,2023,Atmosphere,Reduced Order Modeling for Linearized Representations of Microphysical Process Rates,"1D column simulations do not capture 3D cloud dynamics, turbulent transport, and mixing effects like eddy hopping",Other
5c81f8f8e01f,3,Kyleen Liao,2024,Atmosphere; Land & hydrology,Simulating the Air Quality Impact of Prescribed Fires Using Graph Neural Network-Based PM2.5 Forecasts,Ground monitors are spatially sparse and have missing observation records requiring imputation,Sparse / limited observations
5c81f8f8e01f,3,Kyleen Liao,2024,Atmosphere; Land & hydrology,Simulating the Air Quality Impact of Prescribed Fires Using Graph Neural Network-Based PM2.5 Forecasts,Model tends to output values close to the previous timestep (persistence bias),Structural / model error & biases; Numerics / boundaries / discretization
5c81f8f8e01f,3,Kyleen Liao,2024,Atmosphere; Land & hydrology,Simulating the Air Quality Impact of Prescribed Fires Using Graph Neural Network-Based PM2.5 Forecasts,Lack of ground-truth observations to independently evaluate partitioned fire-specific vs. ambient PM2.5 concentrations,Sparse / limited observations
5c81f8f8e01f,3,Kyleen Liao,2024,Atmosphere; Land & hydrology,Simulating the Air Quality Impact of Prescribed Fires Using Graph Neural Network-Based PM2.5 Forecasts,Difficulty identifying and filtering time steps fully uninfluenced by persistent smoke (fire influence persists up to 10 days),Numerics / boundaries / discretization
63fd0cbfe99b,3,Francesco Giardina,2024,Land & hydrology,Groundwater rivals aridity in determining global photosynthesis,"Temporal mismatch between datasets: modelled water table depth was evaluated over 2004–2014, whereas SIF data covered 2018–2021.",Data harmonization / mismatch
63fd0cbfe99b,3,Francesco Giardina,2024,Land & hydrology,Groundwater rivals aridity in determining global photosynthesis,Data gaps in satellite SIF products across mountainous areas and deserts.,Sparse / limited observations
63fd0cbfe99b,3,Francesco Giardina,2024,Land & hydrology,Groundwater rivals aridity in determining global photosynthesis,Lower data quality and sparser in situ well observations for groundwater table depth outside of CONUS.,Sparse / limited observations
63fd0cbfe99b,3,Francesco Giardina,2024,Land & hydrology,Groundwater rivals aridity in determining global photosynthesis,Confounding anthropogenic processes such as irrigation in croplands obscuring clear groundwater and aridity dependencies.,Interpretability / causality / equifinality
64e7da7ed032,3,Tom Beucler,2021,Atmosphere,Machine Learning for Clouds and Climate,"Key climate variables cannot be directly observed (cloud condensation rates, subgrid radiative effects), confining attempts to model emulation",Scale mismatch / resolution / subgrid
64e7da7ed032,3,Tom Beucler,2021,Atmosphere,Machine Learning for Clouds and Climate,Lack of labeled ground truth climate datasets for benchmarking,Measurement noise / data quality
64e7da7ed032,3,Tom Beucler,2021,Atmosphere,Machine Learning for Clouds and Climate,Extrapolation and out-of-distribution generalization under climate change / unseen regimes,Generalization / out-of-distribution
64e7da7ed032,3,Tom Beucler,2021,Atmosphere,Machine Learning for Clouds and Climate,"Violation of physical conservation laws (mass, energy) by unconstrained ML models",Physical consistency / conservation
64e7da7ed032,3,Tom Beucler,2021,Atmosphere,Machine Learning for Clouds and Climate,Instabilities when ML parameterizations are coupled back into climate host models (online stability),Online stability / offline–online gap
64e7da7ed032,3,Tom Beucler,2021,Atmosphere,Machine Learning for Clouds and Climate,Spatial and temporal autocorrelation making train/val/test splits challenging,Other
64e7da7ed032,3,Tom Beucler,2021,Atmosphere,Machine Learning for Clouds and Climate,Underestimation of extremes in statistical downscaling / super-resolution,Extremes / tails / imbalance; Scale mismatch / resolution / subgrid
64e7da7ed032,3,Tom Beucler,2021,Atmosphere,Machine Learning for Clouds and Climate,HPC and software infrastructure barriers for multi-node GPU/TPU scaling with dynamical cores,Computational cost / scaling; Software / model–ML integration
74b02ecb7bd9,3,Chaopeng Shen,2023,Land & hydrology,Differentiable modelling to unify machine learning and physical models for geosciences,Computational expense and GPU memory constraints for automatic differentiation through numerical iterative/PDE solvers,Computational cost / scaling; Numerics / boundaries / discretization
74b02ecb7bd9,3,Chaopeng Shen,2023,Land & hydrology,Differentiable modelling to unify machine learning and physical models for geosciences,Vanishing gradients in recurrent/time-stepping models,Numerics / boundaries / discretization
74b02ecb7bd9,3,Chaopeng Shen,2023,Land & hydrology,Differentiable modelling to unify machine learning and physical models for geosciences,Equifinality and process non-uniqueness (equifinality) when learning unknown subcomponents,Interpretability / causality / equifinality; Ill-posed inverse problems / non-uniqueness
74b02ecb7bd9,3,Chaopeng Shen,2023,Land & hydrology,Differentiable modelling to unify machine learning and physical models for geosciences,Heterogeneous numerical operations which are difficult to parallelize and optimize on GPUs compared to standard matrix multiplications,Computational cost / scaling; Numerics / boundaries / discretization
74b02ecb7bd9,3,Chaopeng Shen,2023,Land & hydrology,Differentiable modelling to unify machine learning and physical models for geosciences,Need to balance forward- and backward-mode automatic differentiation versus adjoint equations,Software / model–ML integration
7c554cd4cfeb,3,William Gregory,2023,Cryosphere,Deep Learning of Systematic Sea Ice Model Errors From Data Assimilation Increments,"Data assimilation system was not originally tailored for ML training (e.g., only ensemble mean was readily saved rather than full 30-member ensembles).",Other
7c554cd4cfeb,3,William Gregory,2023,Cryosphere,Deep Learning of Systematic Sea Ice Model Errors From Data Assimilation Increments,Decoupling/disentangling sea ice errors from ocean or atmospheric errors in coupled models is challenging.,Online stability / offline–online gap
7c554cd4cfeb,3,William Gregory,2023,Cryosphere,Deep Learning of Systematic Sea Ice Model Errors From Data Assimilation Increments,"Preserving physical conservation laws (mass, heat, and salt budgets) when implementing offline-learned increments as parameterizations in a dynamical solver.",Online stability / offline–online gap; Physical consistency / conservation; Numerics / boundaries / discretization
7c554cd4cfeb,3,William Gregory,2023,Cryosphere,Deep Learning of Systematic Sea Ice Model Errors From Data Assimilation Increments,Scaling adjustments from 5-day DA increment intervals to sub-daily model timesteps.,Numerics / boundaries / discretization
7c554cd4cfeb,3,William Gregory,2023,Cryosphere,Deep Learning of Systematic Sea Ice Model Errors From Data Assimilation Increments,Seasonal drop in predictability and signal variance during late summer melt months.,Predictability / initialization / skill
7c554cd4cfeb,3,William Gregory,2023,Cryosphere,Deep Learning of Systematic Sea Ice Model Errors From Data Assimilation Increments,Non-stationarity of analysis increments over multidecadal timescales (variance increases over time).,Other
7cc314e993c8,3,Griffin Mooers,2023,Atmosphere,Understanding Precipitation Changes through Unsupervised Machine Learning,Massive volume of high-resolution multi-scale 3D storm-resolving simulation data (3.4 TB for 90 days),Data volume / access / storage; Scale mismatch / resolution / subgrid
7cc314e993c8,3,Griffin Mooers,2023,Atmosphere,Understanding Precipitation Changes through Unsupervised Machine Learning,"High spatiotemporal correlations in meteorological fields require huge sample sizes (1,000,000 test fields) for robust lat/lon localized statistical analysis",Other
7cc314e993c8,3,Griffin Mooers,2023,Atmosphere,Understanding Precipitation Changes through Unsupervised Machine Learning,Data sparsity at extreme upper quantiles (>99.9th percentile) causing noisy/pixelated spatial fields,Sparse / limited observations; Extremes / tails / imbalance; Measurement noise / data quality
7fee1a0d6f87,3,Joseph Ko,2024,Atmosphere,Informing Depositional Ice Growth Models Through 3-D Reconstruction of Ice Crystal Images Using Machine Learning,"Observational probes (e.g., CPI) yield only 2D projection images, causing ambiguity in true 3D crystal mass, surface area, and arm count",Other
7fee1a0d6f87,3,Joseph Ko,2024,Atmosphere,Informing Depositional Ice Growth Models Through 3-D Reconstruction of Ice Crystal Images Using Machine Learning,Classification of arm count from 2D projection features showed lower skill and confusion between adjacent classes,Predictability / initialization / skill
7fee1a0d6f87,3,Joseph Ko,2024,Atmosphere,Informing Depositional Ice Growth Models Through 3-D Reconstruction of Ice Crystal Images Using Machine Learning,Need to scale habit models from single-crystal synthetic rosettes to broader real-world ice particle habit mixtures,Other
80cd46ed8b4a,3,Aakash Sane,2023,Atmosphere; Ocean,Parameterizing Vertical Mixing Coefficients in the Ocean Surface Boundary Layer Using Neural Networks,"Predicting non-physical negative diffusivities was an issue, requiring training on log-diffusivity and taking the exponential at inference.",Physical consistency / conservation
80cd46ed8b4a,3,Aakash Sane,2023,Atmosphere; Ocean,Parameterizing Vertical Mixing Coefficients in the Ocean Surface Boundary Layer Using Neural Networks,"Extrapolation outside the training bounding box causes spurious unphysical shape function profiles, resolved by capping network inputs within the Fortran subroutine.",Generalization / out-of-distribution; Physical consistency / conservation; Interpretability / causality / equifinality; Software / model–ML integration
80cd46ed8b4a,3,Aakash Sane,2023,Atmosphere; Ocean,Parameterizing Vertical Mixing Coefficients in the Ocean Surface Boundary Layer Using Neural Networks,"Prognostic boundary layer depth (h) did not span the full range in certain regimes (e.g., surface heating saturation or rapid convection spinup), requiring data augmentation with synthetic profiles to stabilize the networks.",Online stability / offline–online gap; Numerics / boundaries / discretization
80cd46ed8b4a,3,Aakash Sane,2023,Atmosphere; Ocean,Parameterizing Vertical Mixing Coefficients in the Ocean Surface Boundary Layer Using Neural Networks,Multimodal distributions at the base of the boundary layer led to higher prediction errors at lower sigma nodes.,Numerics / boundaries / discretization
866319f21183,3,Da Fan,2026,Atmosphere,Understanding Perturbed Parameter Ensemble Sensitivities Using A Contrastive Learning Approach,High-dimensional multivariate outputs of perturbed parameter ensembles make diagnosing parametric uncertainty and structural biases difficult.,Uncertainty quantification / ensembles; Structural / model error & biases; Nonlinearity / high dimensionality; Parameter calibration / tuning
866319f21183,3,Da Fan,2026,Atmosphere,Understanding Perturbed Parameter Ensemble Sensitivities Using A Contrastive Learning Approach,Equifinality where multiple parameter configurations yield similar scalar error metrics despite structural errors.,Interpretability / causality / equifinality; Structural / model error & biases
866319f21183,3,Da Fan,2026,Atmosphere,Understanding Perturbed Parameter Ensemble Sensitivities Using A Contrastive Learning Approach,Compensating regional or seasonal errors across cloud and radiation variables.,Structural / model error & biases
866319f21183,3,Da Fan,2026,Atmosphere,Understanding Perturbed Parameter Ensemble Sensitivities Using A Contrastive Learning Approach,High computational cost of bin microphysics schemes requiring neural network emulation (TAU-ML).,Computational cost / scaling
8b93316afdc1,3,Andrew O. Hoffman,2024,Cryosphere,"Inland migration of near-surface crevasses in the Amundsen Sea Sector, West Antarctica","SAR imagery detects features differently depending on satellite look angle, surface slope, and crevasse orientation.",Other
8b93316afdc1,3,Andrew O. Hoffman,2024,Cryosphere,"Inland migration of near-surface crevasses in the Amundsen Sea Sector, West Antarctica","Surface melt events and temperature anomalies alter surface radar backscatter, creating false positive outliers in crevasse area tracking.",Extremes / tails / imbalance; Measurement noise / data quality
8b93316afdc1,3,Andrew O. Hoffman,2024,Cryosphere,"Inland migration of near-surface crevasses in the Amundsen Sea Sector, West Antarctica","Lack of translational equivariance in CNNs requires custom tiling, padding (20 px), and clipping schemes to avoid boundary artifacts.",Measurement noise / data quality; Numerics / boundaries / discretization
8b93316afdc1,3,Andrew O. Hoffman,2024,Cryosphere,"Inland migration of near-surface crevasses in the Amundsen Sea Sector, West Antarctica","Snow bridges obscure crevasses in optical imagery, and radar penetration limits exact measurement of crevasse depth.",Software / model–ML integration
910cf5fa4e6f,3,Mohamed Aziz Bhouri,2022,Atmosphere,"History-based, Bayesian, Closure for Stochastic Parameterization: Application to Lorenz '96",High computational cost of standard MCMC in high-dimensional neural network parameter spaces.,Computational cost / scaling; Nonlinearity / high dimensionality; Parameter calibration / tuning
910cf5fa4e6f,3,Mohamed Aziz Bhouri,2022,Atmosphere,"History-based, Bayesian, Closure for Stochastic Parameterization: Application to Lorenz '96",Temporal discretization errors and numerical stability issues when using coarse time steps in online integration.,Online stability / offline–online gap; Numerics / boundaries / discretization
910cf5fa4e6f,3,Mohamed Aziz Bhouri,2022,Atmosphere,"History-based, Bayesian, Closure for Stochastic Parameterization: Application to Lorenz '96",Absence of information on unobserved fast/subgrid variables causing non-Markovian memory effects and stochastic mismatch.,Sparse / limited observations; Computational cost / scaling; Uncertainty quantification / ensembles; Scale mismatch / resolution / subgrid; Data harmonization / mismatch
910cf5fa4e6f,3,Mohamed Aziz Bhouri,2022,Atmosphere,"History-based, Bayesian, Closure for Stochastic Parameterization: Application to Lorenz '96",Observational noise and temporal sparsity in data causing parameter and forecast uncertainty.,Sparse / limited observations; Uncertainty quantification / ensembles; Measurement noise / data quality; Predictability / initialization / skill
984ddfea1c66,3,Fabrizio Falasca,2024,Ocean,Data-driven dimensionality reduction and causal inference for spatiotemporal climate fields,"Standard causal discovery tools (e.g., conditional independence tests) do not scale computationally to high-dimensional spatial climate fields.",Interpretability / causality / equifinality; Nonlinearity / high dimensionality
984ddfea1c66,3,Fabrizio Falasca,2024,Ocean,Data-driven dimensionality reduction and causal inference for spatiotemporal climate fields,Ill-conditioning and non-invertibility of the lag-0 covariance matrix C(0) when the spatial dimension N exceeds or approaches sample size T.,Ill-posed inverse problems / non-uniqueness
984ddfea1c66,3,Fabrizio Falasca,2024,Ocean,Data-driven dimensionality reduction and causal inference for spatiotemporal climate fields,Finite sample size and autocorrelation lead to spurious response functions in linear response theory.,Interpretability / causality / equifinality
984ddfea1c66,3,Fabrizio Falasca,2024,Ocean,Data-driven dimensionality reduction and causal inference for spatiotemporal climate fields,Unobserved/hidden state variables can violate Markovianity assumptions when relying solely on SST fields.,Sparse / limited observations; Physical consistency / conservation; Missing / simplified process representation
984ddfea1c66,3,Fabrizio Falasca,2024,Ocean,Data-driven dimensionality reduction and causal inference for spatiotemporal climate fields,"Quasi-Gaussian assumption requires pre-processing (e.g., high-pass filtering or non-linear coordinate transforms) when applied to non-Gaussian climate fields.",Nonlinearity / high dimensionality; Missing / simplified process representation
989d48eda0d5,3,Jerry Lin,2024,Atmosphere,"Stress-testing the coupled behavior of hybrid physics-machine learning climate simulations on an unseen, warmer climate","Unstable coupled simulations (premature simulation termination in online coupled testing, only 4.5% to 23% completed a full year)",Online stability / offline–online gap
989d48eda0d5,3,Jerry Lin,2024,Atmosphere,"Stress-testing the coupled behavior of hybrid physics-machine learning climate simulations on an unseen, warmer climate","Poor out-of-distribution generalization in warmer climates (+4K SST), where uncoupled errors spike and baseline models fail",Generalization / out-of-distribution
989d48eda0d5,3,Jerry Lin,2024,Atmosphere,"Stress-testing the coupled behavior of hybrid physics-machine learning climate simulations on an unseen, warmer climate",Coupled moisture errors are consistently worse in out-of-distribution climates than in-distribution,Generalization / out-of-distribution
989d48eda0d5,3,Jerry Lin,2024,Atmosphere,"Stress-testing the coupled behavior of hybrid physics-machine learning climate simulations on an unseen, warmer climate",Models performing best in one climate do not necessarily perform best in another,Other
989d48eda0d5,3,Jerry Lin,2024,Atmosphere,"Stress-testing the coupled behavior of hybrid physics-machine learning climate simulations on an unseen, warmer climate","Current single-climate architectural adjustments (climate-invariant features, expanded inputs, memory) do not preclude the need for multi-climate training data",Computational cost / scaling
9a15a09f49a5,3,Anuj Karpatne,2024,Land & hydrology,Knowledge-guided Machine Learning: Current Trends and Future Prospects,Limited coverage of data distributions and scarcity of labeled ground-truth observations in environmental systems leading black-box ML to fail out-of-distribution,Generalization / out-of-distribution; Sparse / limited observations; Interpretability / causality / equifinality; Measurement noise / data quality
9a15a09f49a5,3,Anuj Karpatne,2024,Land & hydrology,Knowledge-guided Machine Learning: Current Trends and Future Prospects,Competing loss objectives and difficult optimization landscapes with poor local minima when incorporating scientific constraints,Other
9a15a09f49a5,3,Anuj Karpatne,2024,Land & hydrology,Knowledge-guided Machine Learning: Current Trends and Future Prospects,Model imperfections and bias in process-based physical models affecting synthetic pretraining datasets,Structural / model error & biases
9a15a09f49a5,3,Anuj Karpatne,2024,Land & hydrology,Knowledge-guided Machine Learning: Current Trends and Future Prospects,Catastrophic forgetting during fine-tuning when adapting models pretrained on simulations to observational targets,Parameter calibration / tuning
9a15a09f49a5,3,Anuj Karpatne,2024,Land & hydrology,Knowledge-guided Machine Learning: Current Trends and Future Prospects,Excessive computational and financial costs of running large foundation models over long time horizons and broad regions,Predictability / initialization / skill
9a15a09f49a5,3,Anuj Karpatne,2024,Land & hydrology,Knowledge-guided Machine Learning: Current Trends and Future Prospects,"Disparate data scales, spatial/temporal resolutions, and quality making integration across complex environmental domains difficult",Scale mismatch / resolution / subgrid
9cb76d121981,3,Viviana Acquaviva,2024,Climate system / methods (general),Ethics in climate AI: From theory to practice,Regional bias and inequity arising from higher data density/quality in northern and western areas,Structural / model error & biases
9cb76d121981,3,Viviana Acquaviva,2024,Climate system / methods (general),Ethics in climate AI: From theory to practice,Inequity in access to computational resources between academic institutions and large tech corporations,Computational cost / scaling
9cb76d121981,3,Viviana Acquaviva,2024,Climate system / methods (general),Ethics in climate AI: From theory to practice,Brittleness and failure under climate-change-induced distribution shifts,Generalization / out-of-distribution
9cb76d121981,3,Viviana Acquaviva,2024,Climate system / methods (general),Ethics in climate AI: From theory to practice,Opacity and black-box nature of complex deep learning models,Interpretability / causality / equifinality
9cb76d121981,3,Viviana Acquaviva,2024,Climate system / methods (general),Ethics in climate AI: From theory to practice,"Academic incentive structures that reward short-term publication velocity and raw accuracy over interpretability, robustness, and comprehensive documentation",Interpretability / causality / equifinality
a436a117e657,3,Haiyang Shi,,Atmosphere; Land & hydrology,Global pattern and mechanism of terrestrial evapotranspiration change indicated by weather stations,Coarse resolution of atmospheric reanalysis forcing (~10 km) poorly represents local microclimates and sub-grid heterogeneity at flux tower footprints,Scale mismatch / resolution / subgrid
a436a117e657,3,Haiyang Shi,,Atmosphere; Land & hydrology,Global pattern and mechanism of terrestrial evapotranspiration change indicated by weather stations,Empirical parameterizations of surface and canopy resistance (especially soil moisture controls) introduce high uncertainty in physics-based ET models,Uncertainty quantification / ensembles
a436a117e657,3,Haiyang Shi,,Atmosphere; Land & hydrology,Global pattern and mechanism of terrestrial evapotranspiration change indicated by weather stations,Sparsity of flux towers and weather stations in tropical rainforests and arid zones limits global representation and extrapolation accuracy,Generalization / out-of-distribution; Sparse / limited observations
a436a117e657,3,Haiyang Shi,,Atmosphere; Land & hydrology,Global pattern and mechanism of terrestrial evapotranspiration change indicated by weather stations,Lack of independent global accuracy validation for gridded ET estimates,Other
a5b5446f7e93,3,Kaitlyn Loftus,2024,Atmosphere,Parameterizing Cloud Microphysics with Machine Learning-Enabled Bayesian Parameter Inference,"Atmospheric models / LES are too computationally expensive for direct Bayesian parameter inference (e.g., MCMC).",Computational cost / scaling; Parameter calibration / tuning
a5b5446f7e93,3,Kaitlyn Loftus,2024,Atmosphere,Parameterizing Cloud Microphysics with Machine Learning-Enabled Bayesian Parameter Inference,Parameter equifinality and dependence of parameter constraint on performance metric selection.,Interpretability / causality / equifinality
a74eeb28cd14,3,Griffin Mooers,2023,Atmosphere,Improving The Modeling and Analysis of Tropical Convection and Precipitation through Machine Learning Methods,Computational expense of high-resolution storm-resolving models (SRMs) limiting runs to short durations,Computational cost / scaling; Scale mismatch / resolution / subgrid
a74eeb28cd14,3,Griffin Mooers,2023,Atmosphere,Improving The Modeling and Analysis of Tropical Convection and Precipitation through Machine Learning Methods,"Exorbitant volume of SRM simulation data (petabytes), creating storage and analysis bottlenecks",Data volume / access / storage
a74eeb28cd14,3,Griffin Mooers,2023,Atmosphere,Improving The Modeling and Analysis of Tropical Convection and Precipitation through Machine Learning Methods,Failure of feed-forward DNNs to capture fast stochastic signals in the planetary boundary layer without temporal memory or stochastic components,Computational cost / scaling; Uncertainty quantification / ensembles; Numerics / boundaries / discretization
a74eeb28cd14,3,Griffin Mooers,2023,Atmosphere,Improving The Modeling and Analysis of Tropical Convection and Precipitation through Machine Learning Methods,Drizzle bias and incorrect diurnal cycle timing of precipitation over continents in unconstrained and non-tuned DNN emulators,Structural / model error & biases; Parameter calibration / tuning
a74eeb28cd14,3,Griffin Mooers,2023,Atmosphere,Improving The Modeling and Analysis of Tropical Convection and Precipitation through Machine Learning Methods,Offline fit skill does not guarantee online stability in prognostic coupling (hybrid models run into stability issues),Online stability / offline–online gap; Predictability / initialization / skill
a74eeb28cd14,3,Griffin Mooers,2023,Atmosphere,Improving The Modeling and Analysis of Tropical Convection and Precipitation through Machine Learning Methods,Violation of physical conservation/positivity constraints in standard unconstrained neural networks,Physical consistency / conservation
a8db6bfca0cf,3,Emily Newsom,2023,Ocean,Background Pycnocline Depth Constrains Future Ocean Heat Uptake Efficiency,Two-fold spread in Ocean Heat Uptake Efficiency (OHUE) across contemporary climate models,Uncertainty quantification / ensembles
a8db6bfca0cf,3,Emily Newsom,2023,Ocean,Background Pycnocline Depth Constrains Future Ocean Heat Uptake Efficiency,Substantial sensitivity of stratification and ocean heat uptake to parameterized eddy diffusivity (kappa_GM) and vertical mixing (kappa_nu) in coarse-resolution models,Scale mismatch / resolution / subgrid
aa49b96ea006,3,Yongquan Qu,2024,Ocean,JOINT PARAMETER AND PARAMETERIZATION INFERENCE WITH UNCERTAINTY QUANTIFICATION THROUGH DIFFERENTIABLE PROGRAMMING,Equifinality issue when inferring physical parameters and neural network parameterizations simultaneously,Interpretability / causality / equifinality
aa49b96ea006,3,Yongquan Qu,2024,Ocean,JOINT PARAMETER AND PARAMETERIZATION INFERENCE WITH UNCERTAINTY QUANTIFICATION THROUGH DIFFERENTIABLE PROGRAMMING,Trade-off in online training trajectory length and temporal sparsity between reducing temporal auto-correlation and backpropagation exploding/vanishing gradients,Online stability / offline–online gap; Sparse / limited observations
aa49b96ea006,3,Yongquan Qu,2024,Ocean,JOINT PARAMETER AND PARAMETERIZATION INFERENCE WITH UNCERTAINTY QUANTIFICATION THROUGH DIFFERENTIABLE PROGRAMMING,Gradient estimation errors in SG-HMC when applied to large datasets requiring high-precision scientific simulation,Other
aa49b96ea006,3,Yongquan Qu,2024,Ocean,JOINT PARAMETER AND PARAMETERIZATION INFERENCE WITH UNCERTAINTY QUANTIFICATION THROUGH DIFFERENTIABLE PROGRAMMING,"High computational cost of Markov Chain Monte Carlo in high-dimensional parameter spaces (e.g., >100,000 CNN parameters)",Computational cost / scaling; Nonlinearity / high dimensionality; Parameter calibration / tuning
aa8f63ee2fb1,3,K. D. Lamb,2023,Atmosphere,Zero-shot learning of aerosol optical properties with graph neural networks,Exact electromagnetic solvers like MSTM are computationally prohibitive (hours to days for large aggregates) for direct use in atmospheric models or online retrievals.,Online stability / offline–online gap; Computational cost / scaling; Numerics / boundaries / discretization
aa8f63ee2fb1,3,K. D. Lamb,2023,Atmosphere,Zero-shot learning of aerosol optical properties with graph neural networks,"Conventional machine learning algorithms (e.g., SVM, standard NNs) fail to generalize to morphological parameters outside their training distribution.",Generalization / out-of-distribution
aa8f63ee2fb1,3,K. D. Lamb,2023,Atmosphere,Zero-shot learning of aerosol optical properties with graph neural networks,High relative error (MAPE) occurs for scattering efficiency at very small size parameters (Xv = 0.1) due to small absolute values.,Other
ad7bf4fe6756,3,Laure Zanna,2023,Ocean,The New Generation of Global Climate Models Enhanced by Machine Learning,"Large-scale biases in climate fields (temperature, rainfall, sea level) due to unresolved subgrid ocean mixing and sea-ice processes",Structural / model error & biases; Scale mismatch / resolution / subgrid
ad7bf4fe6756,3,Laure Zanna,2023,Ocean,The New Generation of Global Climate Models Enhanced by Machine Learning,Need to evaluate stability and bias impacts of ML parameterizations in online coupled global climate simulations,Online stability / offline–online gap; Structural / model error & biases
ba2366f1978a,3,Arvind Renganathan,2024,Atmosphere; Land & hydrology,Task Aware Modulation using Representation Learning: An Approach for Few Shot Learning in Environmental Systems,"Entity characteristics (e.g., soil, vegetation, geology) are often unavailable or highly uncertain for sparsely observed entities.",Sparse / limited observations; Data volume / access / storage
ba2366f1978a,3,Arvind Renganathan,2024,Atmosphere; Land & hydrology,Task Aware Modulation using Representation Learning: An Approach for Few Shot Learning in Environmental Systems,Equifinality in traditional process-based model calibration when applied to sparsely observed entities.,Sparse / limited observations; Interpretability / causality / equifinality; Parameter calibration / tuning
ba2366f1978a,3,Arvind Renganathan,2024,Atmosphere; Land & hydrology,Task Aware Modulation using Representation Learning: An Approach for Few Shot Learning in Environmental Systems,"Standard gradient-based meta-learning methods (e.g., MAML) suffer from high computational and memory training costs and struggle on multimodal/heterogeneous task distributions.",Computational cost / scaling
ba2366f1978a,3,Arvind Renganathan,2024,Atmosphere; Land & hydrology,Task Aware Modulation using Representation Learning: An Approach for Few Shot Learning in Environmental Systems,Current framework cannot handle missing driver or response data observations.,Other
bc690e71bdc9,3,Gabriel P. Langlois,2024,Land & hydrology,"Efficient first-order algorithms for large-scale, non-smooth maximum entropy models with application to wildfire science","Computational scaling bottlenecks: estimating optimal stepsizes for classical first-order optimization requires O(min(m^2 n, mn^2)) operations, which is prohibitive for large feature/sample matrices",Computational cost / scaling
bc690e71bdc9,3,Gabriel P. Langlois,2024,Land & hydrology,"Efficient first-order algorithms for large-scale, non-smooth maximum entropy models with application to wildfire science",Coordinate descent solvers like GLMNET rely on logistic regression approximations (IWLR) that can fail to converge or give unreliable numerical solutions on dense ecological data,Numerics / boundaries / discretization
bc690e71bdc9,3,Gabriel P. Langlois,2024,Land & hydrology,"Efficient first-order algorithms for large-scale, non-smooth maximum entropy models with application to wildfire science",Lack of parallelism in state-of-the-art coordinate descent algorithms,Other
bc690e71bdc9,3,Gabriel P. Langlois,2024,Land & hydrology,"Efficient first-order algorithms for large-scale, non-smooth maximum entropy models with application to wildfire science","Non-smooth regularizations (elastic net, group lasso, l-infinity) lack smoothness required for standard quasi-Newton or second-order methods",Smoothing / loss of small-scale variance
c0774f58a23e,3,Gunnar Behrens,2025,Atmosphere,Simulating Atmospheric Processes in Earth System Models and Quantifying Uncertainties with Deep Learning Multi-Member and Stochastic Parameterizations,Fully coupled ML models suffered immediate stratospheric ice growth instability and radiation blowups within days.,Online stability / offline–online gap
c0774f58a23e,3,Gunnar Behrens,2025,Atmosphere,Simulating Atmospheric Processes in Earth System Models and Quantifying Uncertainties with Deep Learning Multi-Member and Stochastic Parameterizations,"Learning cloud condensate tendencies (liquid and ice water) is very inaccurate offline (R2 < 0.3) and destabilizes the climate model, necessitating a costly partial-coupling workaround where SP runs concurrently to handle condensates.",Online stability / offline–online gap
c0774f58a23e,3,Gunnar Behrens,2025,Atmosphere,Simulating Atmospheric Processes in Earth System Models and Quantifying Uncertainties with Deep Learning Multi-Member and Stochastic Parameterizations,"Partial coupling drastically increases computational expense, running slower than the original SP-CESM.",Computational cost / scaling
c0774f58a23e,3,Gunnar Behrens,2025,Atmosphere,Simulating Atmospheric Processes in Earth System Models and Quantifying Uncertainties with Deep Learning Multi-Member and Stochastic Parameterizations,Monte Carlo Dropout severely underestimated spread and was strongly underdispersive.,Uncertainty quantification / ensembles
c0774f58a23e,3,Gunnar Behrens,2025,Atmosphere,Simulating Atmospheric Processes in Earth System Models and Quantifying Uncertainties with Deep Learning Multi-Member and Stochastic Parameterizations,"Hybrid simulations developed severe thermodynamic biases (over 20 K stratospheric and Antarctic temperature bias, equatorial dry bias), causing ITCZ shift and weakening.",Structural / model error & biases
c0774f58a23e,3,Gunnar Behrens,2025,Atmosphere,Simulating Atmospheric Processes in Earth System Models and Quantifying Uncertainties with Deep Learning Multi-Member and Stochastic Parameterizations,Sensitivity to simulation initialization dates causing initialization shocks.,Predictability / initialization / skill
c12ada1cad6b,3,Jaeyoung Jung,2023,Atmosphere,Canopy flow modeling using multiscale homogenization techniques,Limited details in conference abstract; specific surrogate ML architecture is not named,Other
c12ada1cad6b,3,Jaeyoung Jung,2023,Atmosphere,Canopy flow modeling using multiscale homogenization techniques,Data and code availability are not specified,Other
c26112c02ff3,3,Gavin A. Schmidt,2023,Cryosphere,Anomalous Meltwater From Ice Sheets and Ice Shelves Is a Historical Forcing,Absence of dynamically coupled ice sheets and shelves in standard CMIP6 climate models requires treating meltwater as an ad-hoc external forcing.,Missing / simplified process representation
c26112c02ff3,3,Gavin A. Schmidt,2023,Cryosphere,Anomalous Meltwater From Ice Sheets and Ice Shelves Is a Historical Forcing,Structural uncertainties in ocean models regarding eddy parameterization vs eddy-resolving dynamics alter regional response to freshwater fluxes.,Uncertainty quantification / ensembles; Structural / model error & biases
c26112c02ff3,3,Gavin A. Schmidt,2023,Cryosphere,Anomalous Meltwater From Ice Sheets and Ice Shelves Is a Historical Forcing,"Sparse and uncertain historical observations of ice shelf basal melt fluxes, especially prior to 1990 and post-2016.",Sparse / limited observations
c26112c02ff3,3,Gavin A. Schmidt,2023,Cryosphere,Anomalous Meltwater From Ice Sheets and Ice Shelves Is a Historical Forcing,Persistent CMIP6 multi-model biases in Southern Ocean SST trends and Antarctic sea ice trends.,Structural / model error & biases
c846a2323199,3,Justus C. Will,2023,Atmosphere,Understanding and Visualizing Droplet Distributions in Simulations of Shallow Clouds,"High dimensionality of spectral bin microphysics datasets (3D space, time, and 33 droplet size bins) makes visualization and analysis challenging.",Smoothing / loss of small-scale variance; Nonlinearity / high dimensionality
c846a2323199,3,Justus C. Will,2023,Atmosphere,Understanding and Visualizing Droplet Distributions in Simulations of Shallow Clouds,Standard clustering algorithms struggle with the sheer volume and continuous nature of LES spectral bin data.,Smoothing / loss of small-scale variance
c97c62d08369,3,Trude Eidhammer,2024,Atmosphere,An Extensible Perturbed Parameter Ensemble (PPE) for the Community Atmosphere Model Version 6,High computational cost of climate model simulations limits ensemble size in 45-dimensional parameter space.,Computational cost / scaling; Uncertainty quantification / ensembles; Parameter calibration / tuning
c97c62d08369,3,Trude Eidhammer,2024,Atmosphere,An Extensible Perturbed Parameter Ensemble (PPE) for the Community Atmosphere Model Version 6,Structural model errors cause parameter tuning posterior distributions to peak against parameter domain boundaries.,Structural / model error & biases; Numerics / boundaries / discretization; Parameter calibration / tuning
c97c62d08369,3,Trude Eidhammer,2024,Atmosphere,An Extensible Perturbed Parameter Ensemble (PPE) for the Community Atmosphere Model Version 6,Trade-offs in emulator architectures between scalar global-mean fidelity and 2-D spatial pattern reproduction.,Other
c97c62d08369,3,Trude Eidhammer,2024,Atmosphere,An Extensible Perturbed Parameter Ensemble (PPE) for the Community Atmosphere Model Version 6,Non-linearities across parameter interactions prevent simple linear sensitivity metrics from predicting multi-parameter optimization.,Nonlinearity / high dimensionality
c9e59ec15801,3,Jerry Lin,2024,Atmosphere,Navigating the Noise: Bringing Clarity to ML Parameterization Design with O(100) Ensembles,"Divergence between offline and online performance metrics: lower offline error does not imply better online error or online stability (e.g., MAE loss improves offline error and stability but worsens online error; removing dropout reduces online error but increases crashes).",Online stability / offline–online gap
c9e59ec15801,3,Jerry Lin,2024,Atmosphere,Navigating the Noise: Bringing Clarity to ML Parameterization Design with O(100) Ensembles,Frequent online numerical instability and simulation crashes when coupled to the host GCM.,Online stability / offline–online gap; Numerics / boundaries / discretization
c9e59ec15801,3,Jerry Lin,2024,Atmosphere,Navigating the Noise: Bringing Clarity to ML Parameterization Design with O(100) Ensembles,Emergent noise and high variance across hyperparameter selections mask causal differences between ML design configurations unless evaluated with O(100) ensemble sizes.,Uncertainty quantification / ensembles; Interpretability / causality / equifinality; Measurement noise / data quality; Parameter calibration / tuning
c9e59ec15801,3,Jerry Lin,2024,Atmosphere,Navigating the Noise: Bringing Clarity to ML Parameterization Design with O(100) Ensembles,Persistent structural zonal mean temperature biases (stratospheric cold bias and high-latitude warm bias) across coupled simulations.,Online stability / offline–online gap; Structural / model error & biases
c9e59ec15801,3,Jerry Lin,2024,Atmosphere,Navigating the Noise: Bringing Clarity to ML Parameterization Design with O(100) Ensembles,Technical bottleneck of automating coupling across hundreds to thousands of distinct neural network parameterizations inside a climate model.,Other
cb988a1eedbe,3,Thea H. Heimdal,2024,Ocean,Assessing improvements in global ocean pCO2 machine learning reconstructions with Southern Ocean autonomous sampling,Severe data sparsity in the Southern Ocean (particularly during winter) leading to reconstruction biases and artificial decadal variability,Sparse / limited observations; Structural / model error & biases
cb988a1eedbe,3,Thea H. Heimdal,2024,Ocean,Assessing improvements in global ocean pCO2 machine learning reconstructions with Southern Ocean autonomous sampling,Model overfitting indicated by differences between training and test set error statistics when reconstructing unseen regions,Generalization / out-of-distribution
cfce134e9694,3,Mohamed Aziz Bhouri,2023,Atmosphere,Multi-fidelity climate model parameterization for better generalization and extrapolation,Machine-learning parameterizations fail to extrapolate or generalize to unseen climate regimes (out-of-distribution data such as +4K warming).,Generalization / out-of-distribution
cfce134e9694,3,Mohamed Aziz Bhouri,2023,Atmosphere,Multi-fidelity climate model parameterization for better generalization and extrapolation,"High-fidelity storm-resolving simulations (e.g., SPCAM5) are computationally prohibitive to run for long multi-year durations, resulting in scarce high-fidelity training data.",Sparse / limited observations; Computational cost / scaling
cfce134e9694,3,Mohamed Aziz Bhouri,2023,Atmosphere,Multi-fidelity climate model parameterization for better generalization and extrapolation,Higher stochasticity and variability of humidity and convection compared to temperature make moisture tendency difficult to predict.,Uncertainty quantification / ensembles
cfce134e9694,3,Mohamed Aziz Bhouri,2023,Atmosphere,Multi-fidelity climate model parameterization for better generalization and extrapolation,"Standard Bayesian deep learning methods (MCMC, dropout, variational inference, standard deep ensembles) suffer from computational intractability or severe posterior variance underestimation.",Smoothing / loss of small-scale variance
cfce134e9694,3,Mohamed Aziz Bhouri,2023,Atmosphere,Multi-fidelity climate model parameterization for better generalization and extrapolation,Distribution shift across different warming regimes creates normalization challenges for multi-fidelity deep neural networks.,Generalization / out-of-distribution
d5f7c11dafb5,3,Jonas Magdy Mikhaeil,2024,Atmosphere,Bayesian Workflow for the Evaluation of Constraints on Depositional Ice Growth Models with Cloud Chamber Observations,Prohibitive computational expense of full microphysical model evaluations during MCMC sampling,Computational cost / scaling
d5f7c11dafb5,3,Jonas Magdy Mikhaeil,2024,Atmosphere,Bayesian Workflow for the Evaluation of Constraints on Depositional Ice Growth Models with Cloud Chamber Observations,Extrapolation of single-crystal ice growth kinetics to realistic atmospheric cirrus conditions,Generalization / out-of-distribution
d5f7c11dafb5,3,Jonas Magdy Mikhaeil,2024,Atmosphere,Bayesian Workflow for the Evaluation of Constraints on Depositional Ice Growth Models with Cloud Chamber Observations,"Observational, parametric, and model structural uncertainty quantification",Uncertainty quantification / ensembles; Structural / model error & biases
d76ff1a406ad,3,Wenli Zhao,2023,Climate system / methods (general),Reliance on fossil fuels increases during extreme temperature events in the continental United States,Limitation of available electricity transmission data within the grid to assess mitigation effects of inter-regional electricity transfer during extreme events,Extremes / tails / imbalance
d76ff1a406ad,3,Wenli Zhao,2023,Climate system / methods (general),Reliance on fossil fuels increases during extreme temperature events in the continental United States,Missing cooling demand analysis points in colder states due to threshold limitations,Other
d88d9edd6134,3,William Gregory,2024,Ocean; Cryosphere,Machine Learning for Online Sea Ice Bias Correction Within Global Ice‐Ocean Simulations,Online climate drift and large summertime residual errors requiring iterative online data augmentation to sample state trajectories post-correction,Online stability / offline–online gap
d88d9edd6134,3,William Gregory,2024,Ocean; Cryosphere,Machine Learning for Online Sea Ice Bias Correction Within Global Ice‐Ocean Simulations,Model shock in online simulations characterized by 5-day cyclic shocks in sea ice extent because corrections are disproportionately applied to the thinnest ice category (5 cm),Online stability / offline–online gap
d88d9edd6134,3,William Gregory,2024,Ocean; Cryosphere,Machine Learning for Online Sea Ice Bias Correction Within Global Ice‐Ocean Simulations,"Lack of mass, heat, and salt conservation when directly altering sea ice concentration state variables",Physical consistency / conservation
d88d9edd6134,3,William Gregory,2024,Ocean; Cryosphere,Machine Learning for Online Sea Ice Bias Correction Within Global Ice‐Ocean Simulations,Generalization challenges when moving from ocean-ice forced runs to fully coupled atmosphere-ocean-sea ice models with interactive feedbacks,Generalization / out-of-distribution
d8e2b9ac3d8b,3,Tim H.J. Hermans,2023,Land & hydrology,Projecting Changes in the Drivers of Compound Flooding in Europe Using CMIP6 Models,Storm surge and river discharge are not direct climate model outputs and require computationally demanding hydrodynamic modeling or offline statistical surrogates.,Online stability / offline–online gap; Computational cost / scaling
d8e2b9ac3d8b,3,Tim H.J. Hermans,2023,Land & hydrology,Projecting Changes in the Drivers of Compound Flooding in Europe Using CMIP6 Models,Enormous data volume (>20 TB daily multi-model CMIP6 output) necessitated cloud-optimized data formats and cloud computing (Pangeo / Google Cloud) to be tractable.,Data volume / access / storage
d8e2b9ac3d8b,3,Tim H.J. Hermans,2023,Land & hydrology,Projecting Changes in the Drivers of Compound Flooding in Europe Using CMIP6 Models,Internal climate variability causes high sampling noise in compound extreme estimates when small ensembles or single initial condition realizations are used.,Extremes / tails / imbalance; Measurement noise / data quality
d8e2b9ac3d8b,3,Tim H.J. Hermans,2023,Land & hydrology,Projecting Changes in the Drivers of Compound Flooding in Europe Using CMIP6 Models,"Sub-daily output is rare across CMIP6, restricting analysis to daily mean and daily accumulated variables, dampening sub-daily peak co-occurrence dynamics.",Extremes / tails / imbalance
dead24e07a2a,3,Chiung-Yin Chang,2023,Ocean,Remote Versus Local Impacts of Energy Backscatter on the North Atlantic SST Biases in a Global Ocean Model,"Persistent North Atlantic SST biases (cold bias east of Flemish Cap, warm bias along the US East Coast) across climate models.",Structural / model error & biases
dead24e07a2a,3,Chiung-Yin Chang,2023,Ocean,Remote Versus Local Impacts of Energy Backscatter on the North Atlantic SST Biases in a Global Ocean Model,Difficulty in distinguishing local versus remote mechanisms driving circulation improvements under resolution refinement.,Scale mismatch / resolution / subgrid
dead24e07a2a,3,Chiung-Yin Chang,2023,Ocean,Remote Versus Local Impacts of Energy Backscatter on the North Atlantic SST Biases in a Global Ocean Model,Nonlinear interactions and complex vorticity balances in the intergyre region hindering attribution of eddy vs. mean flow effects.,Online stability / offline–online gap; Interpretability / causality / equifinality; Nonlinearity / high dimensionality
e00413d4876d,3,Kara Lamb,2023,Atmosphere,Cloud chamber constraints on depositional ice growth models,Physics of depositional ice growth at low temperatures (<235 K) is poorly constrained.,Other
e00413d4876d,3,Kara Lamb,2023,Atmosphere,Cloud chamber constraints on depositional ice growth models,Unexplained discrepancies among experimental measurements of ice deposition coefficients.,Other
e00413d4876d,3,Kara Lamb,2023,Atmosphere,Cloud chamber constraints on depositional ice growth models,Deviations between experimental cloud chamber observations and depositional growth models at cold temperatures.,Other
e5231edad122,3,Candace Agonafir,2023,Land & hydrology,A review of recent advances in urban flood research,Lack of detailed and accessible underground sewer network and drainage infrastructure data (due to age or security concerns),Software / model–ML integration
e5231edad122,3,Candace Agonafir,2023,Land & hydrology,A review of recent advances in urban flood research,High computational cost and long runtimes of 2D/shallow water equation hydraulic models,Computational cost / scaling
e5231edad122,3,Candace Agonafir,2023,Land & hydrology,A review of recent advances in urban flood research,Inadequate spatial resolution in rain gauge networks for urban catchments,Scale mismatch / resolution / subgrid
e5231edad122,3,Candace Agonafir,2023,Land & hydrology,A review of recent advances in urban flood research,"AI/ML models are constrained by limited availability of long, accurate historical training records, especially in simulating unprecedented extreme events",Extremes / tails / imbalance
e5231edad122,3,Candace Agonafir,2023,Land & hydrology,A review of recent advances in urban flood research,Mapped flood inundation observations are sparse in urban areas,Sparse / limited observations
e9db0c155692,3,Gustau Camps-Valls,2023,Atmosphere; Ocean; Land & hydrology,Discovering causal relations and equations from data,"Observational data limitations: theoretical impossibility of proving causal graphs purely from observational data without untestable assumptions (e.g., faithfulness, causal sufficiency)",Interpretability / causality / equifinality; Missing / simplified process representation
e9db0c155692,3,Gustau Camps-Valls,2023,Atmosphere; Ocean; Land & hydrology,Discovering causal relations and equations from data,"Nonstationarity, autocorrelations, and multiscale temporal dynamics causing inflated false discovery rates in time series causal inference",Interpretability / causality / equifinality
e9db0c155692,3,Gustau Camps-Valls,2023,Atmosphere; Ocean; Land & hydrology,Discovering causal relations and equations from data,High dimensionality of spatiotemporal fields requiring aggressive dimensionality reduction prior to discovery,Nonlinearity / high dimensionality
e9db0c155692,3,Gustau Camps-Valls,2023,Atmosphere; Ocean; Land & hydrology,Discovering causal relations and equations from data,Curse of dimensionality in candidate library construction for sparse regression and symbolic regression,Sparse / limited observations; Nonlinearity / high dimensionality
e9db0c155692,3,Gustau Camps-Valls,2023,Atmosphere; Ocean; Land & hydrology,Discovering causal relations and equations from data,"Generalization failures of black-box neural network parameterizations under out-of-distribution regime shifts (e.g., from isotropic eddies to anisotropic jet regimes)",Generalization / out-of-distribution; Interpretability / causality / equifinality
f3a4cfe4debc,3,Yongquan Qu,2024,Atmosphere,Deep Generative Data Assimilation in Multimodal Setting,Conventional DA methods rely on restrictive linear and Gaussian assumptions and computationally prohibitive tangent linear/adjoint formulations.,Computational cost / scaling; Software / model–ML integration; Missing / simplified process representation
f3a4cfe4debc,3,Yongquan Qu,2024,Atmosphere,Deep Generative Data Assimilation in Multimodal Setting,Formulating and calibrating the observation operator H to map state space to observation space is prone to error accumulation and bias in multimodal settings.,Structural / model error & biases; Parameter calibration / tuning
f3a4cfe4debc,3,Yongquan Qu,2024,Atmosphere,Deep Generative Data Assimilation in Multimodal Setting,"Real-world observations exhibit severe multimodality, differing spatiotemporal resolutions, noise, and spatial/temporal sparsity.",Sparse / limited observations; Scale mismatch / resolution / subgrid; Measurement noise / data quality
f3a4cfe4debc,3,Yongquan Qu,2024,Atmosphere,Deep Generative Data Assimilation in Multimodal Setting,Diffusion posterior sampling suffers from numerical instabilities during reverse denoising when approximating likelihood scores with division by small state variances.,Online stability / offline–online gap; Numerics / boundaries / discretization
f3caafa5b08c,3,Qingyuan Yang,2023,Atmosphere,Flexible use of additive Gaussian Processes as a powerful tool for more interpretable analysis and emulation of climate model PPEs,Simultaneous hyperparameter estimation in standard additive GPs can be computationally challenging,Parameter calibration / tuning
f3caafa5b08c,3,Qingyuan Yang,2023,Atmosphere,Flexible use of additive Gaussian Processes as a powerful tool for more interpretable analysis and emulation of climate model PPEs,Neural network emulators perform poorly when the output variable displays a skewed distribution,Other
f3caafa5b08c,3,Qingyuan Yang,2023,Atmosphere,Flexible use of additive Gaussian Processes as a powerful tool for more interpretable analysis and emulation of climate model PPEs,"Capturing sudden changes, regime shifts, and critical thresholds in non-linear climate-cloud parameter spaces",Nonlinearity / high dimensionality; Parameter calibration / tuning
f54411021def,3,Sébastien Biass,2024,Climate system / methods (general),How well do concentric radii approximate population exposure to volcanic hazards?,Concentric radii assume uniform radial spread and ignore hazard directionality governed by wind and topography.,Uncertainty quantification / ensembles; Missing / simplified process representation
f54411021def,3,Sébastien Biass,2024,Climate system / methods (general),How well do concentric radii approximate population exposure to volcanic hazards?,Circular radii often overestimate exposure by orders of magnitude for directional flows (like dome-collapse PDCs) while underestimating long-range tephra fall.,Other
f54411021def,3,Sébastien Biass,2024,Climate system / methods (general),How well do concentric radii approximate population exposure to volcanic hazards?,"Lack of standardized, computationally feasible global probabilistic hazard models.",Uncertainty quantification / ensembles
fad50b9ab285,3,Candace Agonafir,2024,Land & hydrology,Structured exploration of machine learning model complexity for spatio-temporal forecasting of urban flooding,Unavailability of detailed urban drainage and sewer network maps prevents physical hydrodynamic modeling,Data volume / access / storage
fad50b9ab285,3,Candace Agonafir,2024,Land & hydrology,Structured exploration of machine learning model complexity for spatio-temporal forecasting of urban flooding,Crowdsourced 311 complaint data contains inherent human reporting and commuter biases and is less precise than direct physical sensor measurements,Structural / model error & biases
fad50b9ab285,3,Candace Agonafir,2024,Land & hydrology,Structured exploration of machine learning model complexity for spatio-temporal forecasting of urban flooding,Sparse response data in certain low-reporting zones degrades neural network predictive capability,Sparse / limited observations
fad50b9ab285,3,Candace Agonafir,2024,Land & hydrology,Structured exploration of machine learning model complexity for spatio-temporal forecasting of urban flooding,Brief temporal duration of flash flood events limits the utility of standard temporal sequence models without graph/spatial connections,Other
fccd93cf30fa,3,Ariful Islam,2023,Land & hydrology,Enhancing Satellite Data Coverage: Leveraging Multiple Sensors to Bridge Information Gaps in Urban Flood Mapping,Persistent cloud cover and limited satellite revisit frequency,Other
fccd93cf30fa,3,Ariful Islam,2023,Land & hydrology,Enhancing Satellite Data Coverage: Leveraging Multiple Sensors to Bridge Information Gaps in Urban Flood Mapping,Spatial and temporal trade-offs across different satellite sensors,Other
fccd93cf30fa,3,Ariful Islam,2023,Land & hydrology,Enhancing Satellite Data Coverage: Leveraging Multiple Sensors to Bridge Information Gaps in Urban Flood Mapping,Rapidly evolving flood patterns in complex urban environments,Other
fd4ac0550b6f,3,Juan Nathaniel,2023,Land & hydrology,MetaFlux: Meta-learning global carbon fluxes from sparse spatiotemporal observations,"Severe spatial and temporal data sparsity of in-situ eddy covariance flux towers, especially in tropics (~8%) and semi-arid regions (~11%)",Sparse / limited observations
fd4ac0550b6f,3,Juan Nathaniel,2023,Land & hydrology,MetaFlux: Meta-learning global carbon fluxes from sparse spatiotemporal observations,Model performance degradation and large biases during extreme weather and flux events in poorly sampled climate zones,Extremes / tails / imbalance; Structural / model error & biases
fd4ac0550b6f,3,Juan Nathaniel,2023,Land & hydrology,MetaFlux: Meta-learning global carbon fluxes from sparse spatiotemporal observations,Potential optimization instability when combining spatial meta-learning updates with bidirectional sequential models due to signal oversaturation,Online stability / offline–online gap
fd4ac0550b6f,3,Juan Nathaniel,2023,Land & hydrology,MetaFlux: Meta-learning global carbon fluxes from sparse spatiotemporal observations,Degraded satellite LAI retrieval quality in continental/snow-covered conditions affecting northern winter flux estimations,Other
0a557d1c4c2e,4,Qingyuan Yang,2024,Atmosphere,"A simple emulator that enables interpretation of parameter-output relationships, applied to two climate model PPEs",Extreme sparsity: high parameter dimensionality (43-45 parameters) with very limited sample sizes (200-800 ensemble members).,Sparse / limited observations; Uncertainty quantification / ensembles; Extremes / tails / imbalance; Nonlinearity / high dimensionality
0a557d1c4c2e,4,Qingyuan Yang,2024,Atmosphere,"A simple emulator that enables interpretation of parameter-output relationships, applied to two climate model PPEs",Emulating aggregated skill score metrics rather than raw outputs flattens or obscures nonlinear parameter responses.,Online stability / offline–online gap; Nonlinearity / high dimensionality; Predictability / initialization / skill
0a557d1c4c2e,4,Qingyuan Yang,2024,Atmosphere,"A simple emulator that enables interpretation of parameter-output relationships, applied to two climate model PPEs",Outliers in small PPEs degrade emulator stability and performance.,Measurement noise / data quality
0a557d1c4c2e,4,Qingyuan Yang,2024,Atmosphere,"A simple emulator that enables interpretation of parameter-output relationships, applied to two climate model PPEs",Emulating all outputs jointly in neural networks can degrade performance on variables driven by independent parameter mechanisms.,Other
0ab17fd7ecd9,4,Savannah L. Ferretti,2025,Atmosphere,Stress-Testing a Process-Oriented Diagnostic Relating Tropical Rainfall to Plume Buoyancy,"Subregional (500-1,000 km) and monthly scale variations in the precipitation-buoyancy relationship lead to systematic underpredictions (18-90%) of domain-mean rainfall changes.",Other
0ab17fd7ecd9,4,Savannah L. Ferretti,2025,Atmosphere,Stress-Testing a Process-Oriented Diagnostic Relating Tropical Rainfall to Plume Buoyancy,Potential sampling noise and breakdown of the temporally constant precipitation-buoyancy relationship assumption at localized scales.,Measurement noise / data quality; Missing / simplified process representation
0b71525b629f,4,Qingyuan Yang,2024,Atmosphere,Detecting and identifying the impact of parameter interaction on climate model outputs based on two Perturbed Parameter Ensembles (PPEs),Parameter interactions can make certain parameters appear deceivingly unimportant if evaluated in isolation,Nonlinearity / high dimensionality
0b71525b629f,4,Qingyuan Yang,2024,Atmosphere,Detecting and identifying the impact of parameter interaction on climate model outputs based on two Perturbed Parameter Ensembles (PPEs),Capturing parameter interactions requires larger ensemble sizes (impact is difficult to capture with <200 members compared to ~500 members),Uncertainty quantification / ensembles; Nonlinearity / high dimensionality
0b71525b629f,4,Qingyuan Yang,2024,Atmosphere,Detecting and identifying the impact of parameter interaction on climate model outputs based on two Perturbed Parameter Ensembles (PPEs),"Outputs respond differently across various spatial and temporal scales, complicating metric choice for calibration",Parameter calibration / tuning
16edc9d81da1,4,Evan Krell,2025,Climate system / methods (general),Intermediate Machine Learning in Python for Environmental Science Problems 2025,Highly imbalanced datasets and rare event prediction,Extremes / tails / imbalance
16edc9d81da1,4,Evan Krell,2025,Climate system / methods (general),Intermediate Machine Learning in Python for Environmental Science Problems 2025,Hyperparameter tuning sensitivity and computational expense of grid search,Computational cost / scaling; Parameter calibration / tuning
16edc9d81da1,4,Evan Krell,2025,Climate system / methods (general),Intermediate Machine Learning in Python for Environmental Science Problems 2025,"Inadequacy of standard evaluation metrics (accuracy, MSE) for extreme/critical meteorological events",Extremes / tails / imbalance; Smoothing / loss of small-scale variance
16edc9d81da1,4,Evan Krell,2025,Climate system / methods (general),Intermediate Machine Learning in Python for Environmental Science Problems 2025,Choosing appropriate custom loss functions,Other
16edc9d81da1,4,Evan Krell,2025,Climate system / methods (general),Intermediate Machine Learning in Python for Environmental Science Problems 2025,Pitfalls and misinterpretations in Explainable AI (XAI),Interpretability / causality / equifinality
195230d140fe,4,Joseph Ko,2025,Atmosphere,Exploring Parametric and Structural Uncertainties of Bulk and Lagrangian Ice Microphysical Schemes in Large Eddy Simulations,Lagrangian superdroplet microphysics methods are prohibitively expensive for large-scale weather and climate simulations,Computational cost / scaling
195230d140fe,4,Joseph Ko,2025,Atmosphere,Exploring Parametric and Structural Uncertainties of Bulk and Lagrangian Ice Microphysical Schemes in Large Eddy Simulations,Structural and parametric uncertainties exist between bulk and superdroplet microphysics schemes even under equivalent dynamical and theoretical settings,Uncertainty quantification / ensembles
195230d140fe,4,Joseph Ko,2025,Atmosphere,Exploring Parametric and Structural Uncertainties of Bulk and Lagrangian Ice Microphysical Schemes in Large Eddy Simulations,Evaluating and comparing high-dimensional simulation outputs and radar observations across different microphysical models is challenging,Nonlinearity / high dimensionality
1b464d5cf9ee,4,Veronika Eyring,2024,Atmosphere; Ocean; Land & hydrology,Pushing the frontiers in climate modelling and analysis with machine learning,Disparities between offline accuracy and online coupled simulation stability and skill,Online stability / offline–online gap; Predictability / initialization / skill
1b464d5cf9ee,4,Veronika Eyring,2024,Atmosphere; Ocean; Land & hydrology,Pushing the frontiers in climate modelling and analysis with machine learning,Poor out-of-distribution generalization to warmer unseen climate states,Generalization / out-of-distribution
1b464d5cf9ee,4,Veronika Eyring,2024,Atmosphere; Ocean; Land & hydrology,Pushing the frontiers in climate modelling and analysis with machine learning,"Violation of physical conservation laws (energy, mass, momentum)",Physical consistency / conservation
1b464d5cf9ee,4,Veronika Eyring,2024,Atmosphere; Ocean; Land & hydrology,Pushing the frontiers in climate modelling and analysis with machine learning,Instabilities arising from nonlinear coupling between ML subgrid parameterizations and resolved dynamical cores,Online stability / offline–online gap; Scale mismatch / resolution / subgrid; Nonlinearity / high dimensionality
1b464d5cf9ee,4,Veronika Eyring,2024,Atmosphere; Ocean; Land & hydrology,Pushing the frontiers in climate modelling and analysis with machine learning,Quantifying uncertainty across both stochastic (aleatoric) and structural/epistemic sources,Uncertainty quantification / ensembles
1b464d5cf9ee,4,Veronika Eyring,2024,Atmosphere; Ocean; Land & hydrology,Pushing the frontiers in climate modelling and analysis with machine learning,Explainability and physical interpretation of deep learning black-box predictions,Interpretability / causality / equifinality
1b464d5cf9ee,4,Veronika Eyring,2024,Atmosphere; Ocean; Land & hydrology,Pushing the frontiers in climate modelling and analysis with machine learning,"Causal inference challenges under non-stationarity, cyclic feedbacks, and hidden confounding",Interpretability / causality / equifinality
1c4c83a9ce2e,4,Kaitlyn Loftus,2024,Atmosphere,The death of autoconversion c. 1963 - 20??,Structural errors in 2-category bulk microphysics schemes neglecting the cloud aging regime,Structural / model error & biases; Missing / simplified process representation
1c4c83a9ce2e,4,Kaitlyn Loftus,2024,Atmosphere,The death of autoconversion c. 1963 - 20??,Highly nonlinear early collisional growth (autoconversion) cannot be adequately captured by power-law representations,Online stability / offline–online gap; Nonlinearity / high dimensionality
1c4c83a9ce2e,4,Kaitlyn Loftus,2024,Atmosphere,The death of autoconversion c. 1963 - 20??,Parameters in calibrated autoconversion power laws show extreme sensitivity to environmental conditions (xenv),Extremes / tails / imbalance; Parameter calibration / tuning
1ed8dea7a984,4,Yu Huang,2024,Atmosphere; Land & hydrology,Large and Increasing Soil Moisture Impact on Western European Summer Heatwaves,"Disentangling bi-directional, nonlinear interactions and feedbacks between land surface moisture availability and atmospheric circulation anomalies during extreme heatwaves",Online stability / offline–online gap; Extremes / tails / imbalance; Nonlinearity / high dimensionality
1ed8dea7a984,4,Yu Huang,2024,Atmosphere; Land & hydrology,Large and Increasing Soil Moisture Impact on Western European Summer Heatwaves,"Traditional physical perturbation experiments are computationally demanding, motivating data-driven intervention approaches",Computational cost / scaling
2127864ced09,4,Jiarong Wu,2025,Atmosphere; Ocean,Data-Driven Probabilistic Air-Sea Flux Parameterization,"Scarcity of direct in-situ eddy-covariance flux measurements, especially at high wind speeds (>15 m/s) and under large air-sea temperature differences",Sparse / limited observations
2127864ced09,4,Jiarong Wu,2025,Atmosphere; Ocean,Data-Driven Probabilistic Air-Sea Flux Parameterization,"Geographical sampling imbalance, with more than 50% of cruise observations collected in tropical regions",Extremes / tails / imbalance
2127864ced09,4,Jiarong Wu,2025,Atmosphere; Ocean,Data-Driven Probabilistic Air-Sea Flux Parameterization,Inability to directly resolve height dependence because measurements are taken at heights where vertical gradients vanish,Other
2127864ced09,4,Jiarong Wu,2025,Atmosphere; Ocean,Data-Driven Probabilistic Air-Sea Flux Parameterization,Distinguishing observational/sampling measurement uncertainty from missing subgrid physics or unobserved state variables,Sparse / limited observations; Uncertainty quantification / ensembles; Scale mismatch / resolution / subgrid; Measurement noise / data quality
22396cba1b19,4,Tom Beucler,2025,Atmosphere,Distilling Machine Learning’s Added Value: Pareto Fronts in Atmospheric Applications,"Full coarse-grained DYAMOND simulation output is multi-terabyte in size and hosted on HPC (DKRZ), requiring scripts to reconstruct from source files.",Data volume / access / storage; Scale mismatch / resolution / subgrid
22396cba1b19,4,Tom Beucler,2025,Atmosphere,Distilling Machine Learning’s Added Value: Pareto Fronts in Atmospheric Applications,Non-local vertical connectivity or high-resolution spatial processing increases model complexity and computational footprint significantly compared to simpler distilled equations or recurrent architectures.,Scale mismatch / resolution / subgrid
22396cba1b19,4,Tom Beucler,2025,Atmosphere,Distilling Machine Learning’s Added Value: Pareto Fronts in Atmospheric Applications,"Temporal memory can partially compensate for the loss of subgrid convective organization in parameterizations, but error accumulation in coupled/online settings remains an open question.",Online stability / offline–online gap; Computational cost / scaling; Structural / model error & biases; Scale mismatch / resolution / subgrid
258b29367a20,4,Tim H.J. Hermans,2025,Ocean,Computing Extreme Storm Surges in Europe Using Neural Networks,"Severe data imbalance: extreme storm surge events are heavily underrepresented relative to moderate conditions, causing standard MSE-trained models to underestimate extremes.",Extremes / tails / imbalance; Smoothing / loss of small-scale variance
258b29367a20,4,Tim H.J. Hermans,2025,Ocean,Computing Extreme Storm Surges in Europe Using Neural Networks,Temporal frequency trade-offs: models trained on 3-hourly data (to match climate model frequency) experience reduced performance compared to hourly hydrodynamic models.,Other
258b29367a20,4,Tim H.J. Hermans,2025,Ocean,Computing Extreme Storm Surges in Europe Using Neural Networks,"Extreme underestimation: even with cost-sensitive density-based weighting, the neural networks predominantly underestimate the highest extremes (>99.9th percentile).",Extremes / tails / imbalance
258b29367a20,4,Tim H.J. Hermans,2025,Ocean,Computing Extreme Storm Surges in Europe Using Neural Networks,"High sensitivity to spatial and non-atmospheric processes: at specific locations (e.g. Alicante), missing physical predictors (waves, coastal setup, river discharge) cause poor generalization.",Generalization / out-of-distribution
25cb33f5f0a6,4,Pierre Friedlingstein,2025,Atmosphere; Ocean; Land & hydrology,Global Carbon Budget 2024,"Divergence in multi-decadal trends between observation-based surface ocean fCO2 products and ocean biogeochemistry models (GOBMs), particularly in data-sparse regions like the Southern Ocean.",Sparse / limited observations
25cb33f5f0a6,4,Pierre Friedlingstein,2025,Atmosphere; Ocean; Land & hydrology,Global Carbon Budget 2024,Persisting large uncertainty in land-use change emissions (ELUC) and lack of consistency across bookkeeping models and dynamic global vegetation models.,Uncertainty quantification / ensembles
25cb33f5f0a6,4,Pierre Friedlingstein,2025,Atmosphere; Ocean; Land & hydrology,Global Carbon Budget 2024,Low agreement between atmospheric inversion models and dynamic global vegetation models on the partitioning of northern extra-tropical vs. tropical land sinks.,Other
25cb33f5f0a6,4,Pierre Friedlingstein,2025,Atmosphere; Ocean; Land & hydrology,Global Carbon Budget 2024,"Data sparsity in surface ocean carbon observations, which continues to decline back to early-2000s levels.",Sparse / limited observations
36a77e07ef98,4,Kshitij Tayal,2024,Atmosphere; Land & hydrology,ExoTST: Exogenous-Aware Temporal Sequence Transformer for Time Series Prediction,Integrating current/projected exogenous drivers alongside past context is challenging in traditional autoregressive or pure forward models.,Other
36a77e07ef98,4,Kshitij Tayal,2024,Atmosphere; Land & hydrology,ExoTST: Exogenous-Aware Temporal Sequence Transformer for Time Series Prediction,Real-world exogenous driver time series often have missing values and temporal misalignment.,Data harmonization / mismatch
36a77e07ef98,4,Kshitij Tayal,2024,Atmosphere; Land & hydrology,ExoTST: Exogenous-Aware Temporal Sequence Transformer for Time Series Prediction,Noisy future or projected exogenous variables degrade model performance.,Measurement noise / data quality
36a77e07ef98,4,Kshitij Tayal,2024,Atmosphere; Land & hydrology,ExoTST: Exogenous-Aware Temporal Sequence Transformer for Time Series Prediction,Distribution shifts between historical and current/projected exogenous series.,Generalization / out-of-distribution
3768091195d8,4,Thea H. Heimdal,2024,Ocean,Targeting bias in algorithm optimization improves reconstructions of surface ocean pCO2,Severe observational data sparsity (SOCAT samples only ~2% of global ocean 1°x1° monthly grid cells) and strong regional sampling bias (especially winter Southern Ocean data gaps),Sparse / limited observations; Structural / model error & biases
3768091195d8,4,Thea H. Heimdal,2024,Ocean,Targeting bias in algorithm optimization improves reconstructions of surface ocean pCO2,Right-skewed target variable distribution over multidecadal trends (spCO2 increasing over time) causing tree-based algorithms to overestimate early periods and underestimate late periods,Other
3768091195d8,4,Thea H. Heimdal,2024,Ocean,Targeting bias in algorithm optimization improves reconstructions of surface ocean pCO2,"Standard MSE/nMSE hyperparameter optimization penalizes large variance rather than systematic drift, exacerbating multiyear negative biases in spCO2 and overestimating the global carbon sink",Online stability / offline–online gap; Smoothing / loss of small-scale variance; Structural / model error & biases; Parameter calibration / tuning
3768091195d8,4,Thea H. Heimdal,2024,Ocean,Targeting bias in algorithm optimization improves reconstructions of surface ocean pCO2,Varying ESM climate model biases and internal variability when used as testbeds lead to substantial spread in reconstruction error sign and magnitude,Uncertainty quantification / ensembles; Structural / model error & biases
3802c111d00e,4,Francesco Immorlano,2025,Atmosphere,Transferring climate change physical knowledge,"Structural and parametric model biases in CMIP6 models (e.g., equatorial Pacific cold tongue, Arctic Amplification underestimation, Gulf Stream separation errors)",Structural / model error & biases
3802c111d00e,4,Francesco Immorlano,2025,Atmosphere,Transferring climate change physical knowledge,Significant uncertainty and wide inter-model spread in CMIP6 climate sensitivity and future projections,Uncertainty quantification / ensembles
3802c111d00e,4,Francesco Immorlano,2025,Atmosphere,Transferring climate change physical knowledge,"Limited observational historical records (BEST data reliable only from 1979 to 2022, creating risk of overfitting during fine-tuning)",Sparse / limited observations; Parameter calibration / tuning
3802c111d00e,4,Francesco Immorlano,2025,Atmosphere,Transferring climate change physical knowledge,Single forcing pathway assumption per SSP without spatially explicit observational constraints on historical aerosol distributions,Missing / simplified process representation
45447c9bc7f4,4,,2025,Atmosphere,A Differentiable Framework to Reduce Structural and Parametric Uncertainty in Cloud Microphysics Parameterizations Online,ML-based microphysics parameterizations trained offline frequently struggle to generalize when implemented online,Online stability / offline–online gap; Generalization / out-of-distribution
45447c9bc7f4,4,,2025,Atmosphere,A Differentiable Framework to Reduce Structural and Parametric Uncertainty in Cloud Microphysics Parameterizations Online,Structural and parametric uncertainty in traditional bulk parameterizations,Uncertainty quantification / ensembles
45447c9bc7f4,4,,2025,Atmosphere,A Differentiable Framework to Reduce Structural and Parametric Uncertainty in Cloud Microphysics Parameterizations Online,Difficulty modeling multiple simultaneous microphysical process rates acting on a population of hydrometeors,Other
4837d04b99a1,4,Siyeon Kim,2024,Ocean,Spatiotemporal upscaling of sparse air-sea pCO2 data via physics-informed transfer learning,"Extreme observational data sparsity in space and time (SOCAT covers only 1-2% of global ocean; severe under-sampling in Southern Ocean, particularly during winter).",Sparse / limited observations; Extremes / tails / imbalance
4837d04b99a1,4,Siyeon Kim,2024,Ocean,Spatiotemporal upscaling of sparse air-sea pCO2 data via physics-informed transfer learning,Out-of-distribution extrapolation: models trained directly on sparse observations lose physical consistency in unobserved regimes.,Generalization / out-of-distribution; Sparse / limited observations; Physical consistency / conservation
4837d04b99a1,4,Siyeon Kim,2024,Ocean,Spatiotemporal upscaling of sparse air-sea pCO2 data via physics-informed transfer learning,"High memory and computational requirements limiting temporal window size (restricted to K=6 months, preventing encoding of full annual cycle).",Computational cost / scaling
4837d04b99a1,4,Siyeon Kim,2024,Ocean,Spatiotemporal upscaling of sparse air-sea pCO2 data via physics-informed transfer learning,"Overfitting during fine-tuning on sparse tracks, which degrades learned physical representations unless layer freezing is carefully tuned.",Sparse / limited observations; Parameter calibration / tuning
504daff7633e,4,Daniela Jacob,2025,Climate system / methods (general),Co-production of climate services: challenges and enablers,Lack of climate observations and local sectoral/societal data in data-sparse regions,Sparse / limited observations
504daff7633e,4,Daniela Jacob,2025,Climate system / methods (general),Co-production of climate services: challenges and enablers,Resource-intensive co-production process with high turnover of stakeholders and researchers,Other
504daff7633e,4,Daniela Jacob,2025,Climate system / methods (general),Co-production of climate services: challenges and enablers,"Difficulty characterizing, communicating, and managing deep uncertainties and wildcard events",Uncertainty quantification / ensembles
504daff7633e,4,Daniela Jacob,2025,Climate system / methods (general),Co-production of climate services: challenges and enablers,Disconnect and power asymmetries between scientific providers and diverse stakeholder decision contexts,Other
504daff7633e,4,Daniela Jacob,2025,Climate system / methods (general),Co-production of climate services: challenges and enablers,Lack of independent evaluation metrics and standardization schemes for climate services,Other
50d1cf9096ea,4,Julius J.M. Busecke,2024,Atmosphere; Ocean,The Overlooked Sub-Grid Air-Sea Flux in Climate Models,Lack of direct global high-resolution coupled observations of the air-sea state,Scale mismatch / resolution / subgrid
50d1cf9096ea,4,Julius J.M. Busecke,2024,Atmosphere; Ocean,The Overlooked Sub-Grid Air-Sea Flux in Climate Models,Nonlinear bulk formulae mean spatially averaged inputs fail to reproduce averaged heat fluxes (rectification error),Online stability / offline–online gap; Nonlinearity / high dimensionality
50d1cf9096ea,4,Julius J.M. Busecke,2024,Atmosphere; Ocean,The Overlooked Sub-Grid Air-Sea Flux in Climate Models,Archived daily average outputs miss sub-daily/diurnal nonlinear coupling effects,Online stability / offline–online gap; Data volume / access / storage; Nonlinearity / high dimensionality
50d1cf9096ea,4,Julius J.M. Busecke,2024,Atmosphere; Ocean,The Overlooked Sub-Grid Air-Sea Flux in Climate Models,Computational expense of 2D spatial filtering on global high-resolution grids,Computational cost / scaling; Scale mismatch / resolution / subgrid
50d1cf9096ea,4,Julius J.M. Busecke,2024,Atmosphere; Ocean,The Overlooked Sub-Grid Air-Sea Flux in Climate Models,Bulk formula algorithms do not handle sea-ice covered areas without masking,Other
52c83b9e8a59,4,Thea H. Heimdal,2024,Ocean,The importance of adding unbiased Argo observations to the ocean carbon observing system,Severe spatial and temporal gaps in direct shipboard surface ocean pCO2 observations (SOCAT covers ~2% of the ocean).,Sparse / limited observations
52c83b9e8a59,4,Thea H. Heimdal,2024,Ocean,The importance of adding unbiased Argo observations to the ocean carbon observing system,Float-derived pCO2 carries substantial random uncertainty (±11 µatm) and systematic positive bias (~4 µatm).,Uncertainty quantification / ensembles; Structural / model error & biases
52c83b9e8a59,4,Thea H. Heimdal,2024,Ocean,The importance of adding unbiased Argo observations to the ocean carbon observing system,"Systematic observational bias in autonomous float observations propagates strongly through machine learning models, causing substantial underestimation of the global ocean carbon sink (up to 0.32 Pg C/year).",Structural / model error & biases
52c83b9e8a59,4,Thea H. Heimdal,2024,Ocean,The importance of adding unbiased Argo observations to the ocean carbon observing system,Cross-model structural differences across Earth System Models introduce significant spread in machine learning reconstruction skill.,Uncertainty quantification / ensembles; Predictability / initialization / skill
5319b2b73897,4,Ci Song,2024,Atmosphere,Buffering of Aerosol‐Cloud Adjustments by Coupling Between Radiative Susceptibility and Precipitation Efficiency,Tight observational constraints on cloud microphysics (Nd) and macrophysics (LWP) fail to significantly reduce uncertainty in effective radiative forcing (ERFaci) due to physical buffering between precipitation efficiency and radiative saturation.,Uncertainty quantification / ensembles
5319b2b73897,4,Ci Song,2024,Atmosphere,Buffering of Aerosol‐Cloud Adjustments by Coupling Between Radiative Susceptibility and Precipitation Efficiency,Lack of drop-size dependent entrainment-evaporation feedbacks parameterized in CAM6 and many standard GCM structures.,Other
5319b2b73897,4,Ci Song,2024,Atmosphere,Buffering of Aerosol‐Cloud Adjustments by Coupling Between Radiative Susceptibility and Precipitation Efficiency,"Difficulty in directly measuring in-cloud liquid water path (LWPc) globally without interference from overlying ice or low sun angles, requiring reliance on area-mean LWP.",Other
5319b2b73897,4,Ci Song,2024,Atmosphere,Buffering of Aerosol‐Cloud Adjustments by Coupling Between Radiative Susceptibility and Precipitation Efficiency,Limited availability of comparable cloud-top droplet number concentration diagnostics across CMIP6 models.,Other
5bc100f8d9c2,4,Jared D. Willard,2024,Land & hydrology,Time Series Predictions in Unmonitored Sites: A Survey of Machine Learning Techniques in Water Resources,"Sparse and declining observational monitoring networks (e.g., USGS monitoring reaches <1% of streams)",Sparse / limited observations
5bc100f8d9c2,4,Jared D. Willard,2024,Land & hydrology,Time Series Predictions in Unmonitored Sites: A Survey of Machine Learning Techniques in Water Resources,Spatial extrapolation to unmonitored sites (zero-shot regional transfer) is fundamentally difficult,Generalization / out-of-distribution
5bc100f8d9c2,4,Jared D. Willard,2024,Land & hydrology,Time Series Predictions in Unmonitored Sites: A Survey of Machine Learning Techniques in Water Resources,"Static representation of inherently dynamic catchment attributes (e.g., land cover, land use, water clarity)",Other
5bc100f8d9c2,4,Jared D. Willard,2024,Land & hydrology,Time Series Predictions in Unmonitored Sites: A Survey of Machine Learning Techniques in Water Resources,Imbalanced datasets and poor capture of rare extreme events like floods and droughts when optimizing traditional mean squared error losses,Extremes / tails / imbalance
5bc100f8d9c2,4,Jared D. Willard,2024,Land & hydrology,Time Series Predictions in Unmonitored Sites: A Survey of Machine Learning Techniques in Water Resources,High computational demand and equifinality problems associated with calibrating process-based models across broad scales,Computational cost / scaling; Interpretability / causality / equifinality; Parameter calibration / tuning
5bc100f8d9c2,4,Jared D. Willard,2024,Land & hydrology,Time Series Predictions in Unmonitored Sites: A Survey of Machine Learning Techniques in Water Resources,Lack of standard benchmarks and feature selection routines comparing different ML frameworks,Other
5de294406bfc,4,Shuolin Li,2024,Land & hydrology,Machine‐Assisted Physical Closure for Coarse Suspended Sediments in Vegetated Turbulent Channel Flows,Sparsity of experimental vertical concentration profiles requiring artificial data augmentation and interpolation,Sparse / limited observations
5de294406bfc,4,Shuolin Li,2024,Land & hydrology,Machine‐Assisted Physical Closure for Coarse Suspended Sediments in Vegetated Turbulent Channel Flows,Lack of varied particle sizes in laboratory data to isolate particle diameter impacts from settling velocity,Other
5de294406bfc,4,Shuolin Li,2024,Land & hydrology,Machine‐Assisted Physical Closure for Coarse Suspended Sediments in Vegetated Turbulent Channel Flows,"Restriction to emergent rigid vegetation, limiting immediate generalizability to submerged canopies or real-world natural rivers",Generalization / out-of-distribution
6480c6c29273,4,Veronika Eyring,2024,Atmosphere; Ocean; Land & hydrology; Cryosphere,AI-empowered next-generation multiscale climate modelling for mitigation and adaptation,"Legacy languages (Fortran, C) hinder running on modern accelerator hardware (GPUs/TPUs) and prevent seamless online ML coupling",Online stability / offline–online gap; Computational cost / scaling; Software / model–ML integration
6480c6c29273,4,Veronika Eyring,2024,Atmosphere; Ocean; Land & hydrology; Cryosphere,AI-empowered next-generation multiscale climate modelling for mitigation and adaptation,Out-of-distribution generalization failure (extrapolation beyond training regime),Generalization / out-of-distribution
6480c6c29273,4,Veronika Eyring,2024,Atmosphere; Ocean; Land & hydrology; Cryosphere,AI-empowered next-generation multiscale climate modelling for mitigation and adaptation,Numerical instabilities when ML parameterizations are coupled online with host climate models,Online stability / offline–online gap; Numerics / boundaries / discretization
6480c6c29273,4,Veronika Eyring,2024,Atmosphere; Ocean; Land & hydrology; Cryosphere,AI-empowered next-generation multiscale climate modelling for mitigation and adaptation,Staggering computational cost of century-scale simulations at kilometre resolution,Computational cost / scaling; Scale mismatch / resolution / subgrid
6480c6c29273,4,Veronika Eyring,2024,Atmosphere; Ocean; Land & hydrology; Cryosphere,AI-empowered next-generation multiscale climate modelling for mitigation and adaptation,"Sparse, noisy, and indirect observational data making ML parameter inference challenging",Sparse / limited observations; Measurement noise / data quality; Parameter calibration / tuning
6480c6c29273,4,Veronika Eyring,2024,Atmosphere; Ocean; Land & hydrology; Cryosphere,AI-empowered next-generation multiscale climate modelling for mitigation and adaptation,Lack of uncertainty quantification in parameter tuning and ML emulators,Uncertainty quantification / ensembles; Parameter calibration / tuning
6480c6c29273,4,Veronika Eyring,2024,Atmosphere; Ocean; Land & hydrology; Cryosphere,AI-empowered next-generation multiscale climate modelling for mitigation and adaptation,"Processes that do not improve purely with higher spatial resolution (e.g., biological systems, cryosphere, land processes)",Scale mismatch / resolution / subgrid
66232d5a5ef7,4,Mitra Cattry,2025,Land & hydrology,EcoPro-LSTMv0: A Memory-based Machine Learning Approach to Predicting Ecosystem Dynamics across Time Scales in Mediterranean Environments,"High computational cost in training time and memory (18 GB RAM, 16 CPU cores) limiting data scaling on CPUs",Computational cost / scaling
66232d5a5ef7,4,Mitra Cattry,2025,Land & hydrology,EcoPro-LSTMv0: A Memory-based Machine Learning Approach to Predicting Ecosystem Dynamics across Time Scales in Mediterranean Environments,Data sparsity and missing records (multiple sites excluded due to lack of soil moisture data or <1 year of data),Sparse / limited observations; Missing / simplified process representation
66232d5a5ef7,4,Mitra Cattry,2025,Land & hydrology,EcoPro-LSTMv0: A Memory-based Machine Learning Approach to Predicting Ecosystem Dynamics across Time Scales in Mediterranean Environments,"Suboptimal observational data quality and noise for certain sites (e.g. AU-Rig, ES-LJu)",Measurement noise / data quality
66232d5a5ef7,4,Mitra Cattry,2025,Land & hydrology,EcoPro-LSTMv0: A Memory-based Machine Learning Approach to Predicting Ecosystem Dynamics across Time Scales in Mediterranean Environments,Collinearity among meteorological drivers creating challenges for feature attribution methods like SHAP,Interpretability / causality / equifinality
66232d5a5ef7,4,Mitra Cattry,2025,Land & hydrology,EcoPro-LSTMv0: A Memory-based Machine Learning Approach to Predicting Ecosystem Dynamics across Time Scales in Mediterranean Environments,Sensitivity of Integrated Gradients (IG) to the selection of the baseline neutral state,Other
66232d5a5ef7,4,Mitra Cattry,2025,Land & hydrology,EcoPro-LSTMv0: A Memory-based Machine Learning Approach to Predicting Ecosystem Dynamics across Time Scales in Mediterranean Environments,Equifinality where multiple ML models explain observational data equally well without resolving underlying physical interactions,Interpretability / causality / equifinality
6b691712cf64,4,Gabriele Accarino,2025,Ocean,Improving Oil Slick Trajectory Simulations with Bayesian Optimization,High computational runtime during optimization iterations prevents rapid operational spill response in multi-step calibration mode.,Computational cost / scaling; Parameter calibration / tuning
6b691712cf64,4,Gabriele Accarino,2025,Ocean,Improving Oil Slick Trajectory Simulations with Bayesian Optimization,Lack of oil thickness/mass balance information in satellite observations limits calibration to 2D footprint and centroid geometry.,Physical consistency / conservation; Scale mismatch / resolution / subgrid; Parameter calibration / tuning
6b691712cf64,4,Gabriele Accarino,2025,Ocean,Improving Oil Slick Trajectory Simulations with Bayesian Optimization,"Sensor heterogeneity across satellite passes (SAR vs. optical, Sentinel-1 vs Sentinel-3 vs Landsat 8) introduces observational discrepancies.",Scale mismatch / resolution / subgrid
6b691712cf64,4,Gabriele Accarino,2025,Ocean,Improving Oil Slick Trajectory Simulations with Bayesian Optimization,"Coarse oceanographic forcing in coastal zones lacks local current resolution, forcing reliance on numerical extrapolation.",Generalization / out-of-distribution; Scale mismatch / resolution / subgrid; Numerics / boundaries / discretization
72a736c33094,4,Zeyuan Hu,2025,Atmosphere,Stable Machine-Learning Parameterization of Subgrid Processes in a Comprehensive Atmospheric Model Learned From Embedded Convection-Permitting Simulations,Online instability and rapid error growth when ML models extrapolate to out-of-distribution cloud states (e.g. unphysical liquid cloud near the tropopause and excess ice cloud in the stratosphere),Online stability / offline–online gap; Generalization / out-of-distribution; Physical consistency / conservation
72a736c33094,4,Zeyuan Hu,2025,Atmosphere,Stable Machine-Learning Parameterization of Subgrid Processes in a Comprehensive Atmospheric Model Learned From Embedded Convection-Permitting Simulations,MLP models crash online within 1-3 months,Online stability / offline–online gap
72a736c33094,4,Zeyuan Hu,2025,Atmosphere,Stable Machine-Learning Parameterization of Subgrid Processes in a Comprehensive Atmospheric Model Learned From Embedded Convection-Permitting Simulations,Offline skill improvements do not necessarily translate to online stability without physical constraints,Online stability / offline–online gap; Physical consistency / conservation; Predictability / initialization / skill
72a736c33094,4,Zeyuan Hu,2025,Atmosphere,Stable Machine-Learning Parameterization of Subgrid Processes in a Comprehensive Atmospheric Model Learned From Embedded Convection-Permitting Simulations,"Persistent systematic online biases (tropical lower tropospheric drying and liquid cloud deficit, polar stratospheric temperature dipole)",Online stability / offline–online gap; Structural / model error & biases
72a736c33094,4,Zeyuan Hu,2025,Atmosphere,Stable Machine-Learning Parameterization of Subgrid Processes in a Comprehensive Atmospheric Model Learned From Embedded Convection-Permitting Simulations,Lack of model checkpoint restart capabilities due to tracking convective memory and large-scale forcing across previous timesteps,Computational cost / scaling; Numerics / boundaries / discretization
72a736c33094,4,Zeyuan Hu,2025,Atmosphere,Stable Machine-Learning Parameterization of Subgrid Processes in a Comprehensive Atmospheric Model Learned From Embedded Convection-Permitting Simulations,"Coupled ML inference executed on CPU due to software engineering constraints rather than GPU, limiting run throughput",Computational cost / scaling; Software / model–ML integration
7354fab2c747,4,Kara D. Lamb,2025,Atmosphere,Discovering a Model for Depositional Ice Growth from Observations Using Neural Ordinary Differential Equations and Symbolic Regression,"Constraining structural and parametric uncertainty in depositional ice growth models, especially during early stages of ice formation",Uncertainty quantification / ensembles
7354fab2c747,4,Kara D. Lamb,2025,Atmosphere,Discovering a Model for Depositional Ice Growth from Observations Using Neural Ordinary Differential Equations and Symbolic Regression,Standard capacitance models with temperature/saturation-dependent deposition coefficients fail to reproduce observations across all experimental conditions,Other
742d7782da6a,4,P. A. Ullrich,2025,Atmosphere,Recommendations for Comprehensive and Independent Evaluation of Machine Learning-Based Earth System Models,"ML models often fail to explicitly enforce physical conservation laws (mass, momentum, energy).",Physical consistency / conservation
742d7782da6a,4,P. A. Ullrich,2025,Atmosphere,Recommendations for Comprehensive and Independent Evaluation of Machine Learning-Based Earth System Models,"Evaluating out-of-sample generalization is challenging because the historical instrumental record is short, stationary, and only a single realization of climate history.",Generalization / out-of-distribution
742d7782da6a,4,P. A. Ullrich,2025,Atmosphere,Recommendations for Comprehensive and Independent Evaluation of Machine Learning-Based Earth System Models,Spectral damping at high wavenumbers leads to an effective resolution in ML models that is much coarser than their nominal grid spacing.,Smoothing / loss of small-scale variance; Scale mismatch / resolution / subgrid
742d7782da6a,4,P. A. Ullrich,2025,Atmosphere,Recommendations for Comprehensive and Independent Evaluation of Machine Learning-Based Earth System Models,"Unlike physics-based models, monolithic ML models cannot easily have individual physical components activated or deactivated without complete retraining.",Other
742d7782da6a,4,P. A. Ullrich,2025,Atmosphere,Recommendations for Comprehensive and Independent Evaluation of Machine Learning-Based Earth System Models,"Pre-trained ML models internalize realistic geographic topography and land-sea contrasts, making standardized idealized tests (e.g., zonally symmetric or flat aquaplanets) difficult to apply directly.",Missing / simplified process representation
742d7782da6a,4,P. A. Ullrich,2025,Atmosphere,Recommendations for Comprehensive and Independent Evaluation of Machine Learning-Based Earth System Models,Risk of metric hacking and cherry-picking if evaluations are not standardized across a comprehensive suite of physical metrics.,Other
7d39855f3451,4,Joseph Ko,2024,Atmosphere,Improving Representations of Ice Crystals in Atmospheric Models: Insights from in situ Imagery and Machine Learning,Lack of 3-D ground truth observations of ice crystals requires relying on synthetic geometric models,Other
7d39855f3451,4,Joseph Ko,2024,Atmosphere,Improving Representations of Ice Crystals in Atmospheric Models: Insights from in situ Imagery and Machine Learning,Single-view object 3-D reconstruction often acts like classification rather than true reconstruction,Other
7d39855f3451,4,Joseph Ko,2024,Atmosphere,Improving Representations of Ice Crystals in Atmospheric Models: Insights from in situ Imagery and Machine Learning,Disentangling and structuring latent representations of ice crystal morphology without manual labels,Measurement noise / data quality
7d39855f3451,4,Joseph Ko,2024,Atmosphere,Improving Representations of Ice Crystals in Atmospheric Models: Insights from in situ Imagery and Machine Learning,Large structural differences between bulk and Lagrangian microphysics schemes make direct model comparison difficult,Other
7d40e13682f1,4,Jaeyoung Jung,2024,Climate system / methods (general),Path-conservative well-balanced high-order finite-volume solver for the volume-averaged Navier–Stokes equations with discontinuous porosity,Discontinuous porosity generates non-conservative products where gradients cannot be defined in classical or distributional senses,Physical consistency / conservation
7d40e13682f1,4,Jaeyoung Jung,2024,Climate system / methods (general),Path-conservative well-balanced high-order finite-volume solver for the volume-averaged Navier–Stokes equations with discontinuous porosity,Elliptic pressure Poisson solver in incompressible flow becomes challenging in the presence of discontinuities,Numerics / boundaries / discretization
7d40e13682f1,4,Jaeyoung Jung,2024,Climate system / methods (general),Path-conservative well-balanced high-order finite-volume solver for the volume-averaged Navier–Stokes equations with discontinuous porosity,Lack of standardized criteria for choosing physically admissible paths in path-conservative schemes across non-conservative jumps,Physical consistency / conservation
8d3638a0d126,4,Claire M. Zarakas,2024,Land & hydrology,Land Processes Can Substantially Impact the Mean Climate State,High computational cost of running dynamic coupled simulations compared to land-only simulations,Online stability / offline–online gap; Computational cost / scaling
8d3638a0d126,4,Claire M. Zarakas,2024,Land & hydrology,Land Processes Can Substantially Impact the Mean Climate State,Internal climate variability requiring long multi-decadal spin-up (40 years) and runtimes (140 years) to detect parametric signals,Computational cost / scaling
8d3638a0d126,4,Claire M. Zarakas,2024,Land & hydrology,Land Processes Can Substantially Impact the Mean Climate State,"Difficulty in disentangling coupled feedbacks when multiple land surface properties (albedo, evaporative resistance, roughness) covary simultaneously",Other
8d5a2534ce39,4,Racheet Matai,2024,Cryosphere,Deep Learning for identifying functional relationships involving basal friction and ice fluidity,"Basal conditions and ice rheology are difficult to observe directly, requiring indirect numerical inversion.",Numerics / boundaries / discretization
8d5a2534ce39,4,Racheet Matai,2024,Cryosphere,Deep Learning for identifying functional relationships involving basal friction and ice fluidity,Traditional numerical inversion techniques cannot predict changes in basal conditions or ice rheology under evolving conditions.,Numerics / boundaries / discretization
8d5a2534ce39,4,Racheet Matai,2024,Cryosphere,Deep Learning for identifying functional relationships involving basal friction and ice fluidity,Sensitivity of inversion techniques to measurement errors.,Measurement noise / data quality
903d7cbc6583,4,,2025,Atmosphere,Clustering the Latent Dimensions of a Variational Autoencoder to Identify Representative Trajectories of Ice Crystals in Cirrus Clouds Modeled By Lagrangian Microphysics,"Microphysical variability requires tracking high-dimensional Lagrangian particle histories, creating high computational and dimensionality burdens.",Nonlinearity / high dimensionality
903d7cbc6583,4,,2025,Atmosphere,Clustering the Latent Dimensions of a Variational Autoencoder to Identify Representative Trajectories of Ice Crystals in Cirrus Clouds Modeled By Lagrangian Microphysics,Very limited dataset and code specification in the conference abstract.,Sparse / limited observations
99741af201b2,4,Gurpreet S. Hora,,Atmosphere,Physics-informed data-driven reconstruction of turbulent wall-bounded flows from planar measurements,"Difficulty in accurately reconstructing small-scale, high-wavenumber turbulent structures due to the frequency principle (spectral bias) in deep learning models",Smoothing / loss of small-scale variance; Structural / model error & biases
99741af201b2,4,Gurpreet S. Hora,,Atmosphere,Physics-informed data-driven reconstruction of turbulent wall-bounded flows from planar measurements,Anisotropy of Reynolds stress components leads to unequal reconstruction errors across velocity components when using aggregate MSE loss functions,Smoothing / loss of small-scale variance
99741af201b2,4,Gurpreet S. Hora,,Atmosphere,Physics-informed data-driven reconstruction of turbulent wall-bounded flows from planar measurements,"Soft constraints via loss function penalties reduce continuity and momentum equation residuals by 40-56%, but do not enforce exact physical conservation",Physical consistency / conservation
99741af201b2,4,Gurpreet S. Hora,,Atmosphere,Physics-informed data-driven reconstruction of turbulent wall-bounded flows from planar measurements,"High GPU memory footprint when performing 3D volumetric convolutional operations, requiring downsampling of DNS grids",Computational cost / scaling; Scale mismatch / resolution / subgrid
9ded7df06c46,4,Gregory S. Elsaesser,2025,Atmosphere,Using Machine Learning to Generate a GISS ModelE Calibrated Physics Ensemble (CPE),"High dimensionality (45 parameters) makes standard Latin Hypercube sampling sparse, requiring iterative calibrate-emulate-sample workflows.",Sparse / limited observations; Nonlinearity / high dimensionality; Software / model–ML integration; Parameter calibration / tuning
9ded7df06c46,4,Gregory S. Elsaesser,2025,Atmosphere,Using Machine Learning to Generate a GISS ModelE Calibrated Physics Ensemble (CPE),Observational product discrepancy across independent satellite retrievals significantly alters the posterior distribution of calibrated parameters if unaddressed.,Parameter calibration / tuning
9ded7df06c46,4,Gregory S. Elsaesser,2025,Atmosphere,Using Machine Learning to Generate a GISS ModelE Calibrated Physics Ensemble (CPE),"Compensating model errors can produce good cloud radiative forcing for the wrong physical reasons, necessitating simultaneous constraints across numerous cloud, environment, and radiative metrics.",Structural / model error & biases
9ded7df06c46,4,Gregory S. Elsaesser,2025,Atmosphere,Using Machine Learning to Generate a GISS ModelE Calibrated Physics Ensemble (CPE),Linear parameter-metric correlation screening in PPEs can wrongly classify parameters as unimportant due to strong non-linear interactions and state-dependent effects.,Nonlinearity / high dimensionality
9ded7df06c46,4,Gregory S. Elsaesser,2025,Atmosphere,Using Machine Learning to Generate a GISS ModelE Calibrated Physics Ensemble (CPE),Host model structural deficiencies push posterior parameter estimates against prior boundary limits.,Numerics / boundaries / discretization
a4d0f7df7f2c,4,Margaret Powell,2024,Atmosphere,Leveraging Subgrid-Scale Spatial Organization and Variability for Improved Cloud Fraction Parametrization Using PINACLES Simulations,Cloud processes are a major source of uncertainty in climate projections with significant intermodel disagreement in low marine boundary layer clouds,Uncertainty quantification / ensembles; Numerics / boundaries / discretization
a4d0f7df7f2c,4,Margaret Powell,2024,Atmosphere,Leveraging Subgrid-Scale Spatial Organization and Variability for Improved Cloud Fraction Parametrization Using PINACLES Simulations,Changing feature importance across coarsening resolutions and across cloud regimes,Scale mismatch / resolution / subgrid
a948fe73c70a,4,Kara D. Lamb,2025,Atmosphere,Discovering How Ice Crystals Grow Using Neural ODE's and Symbolic Regression,Early growth rates of small ice crystals (< 50 µm) cannot be observed directly and must be inferred indirectly from observables such as mass.,Other
a948fe73c70a,4,Kara D. Lamb,2025,Atmosphere,Discovering How Ice Crystals Grow Using Neural ODE's and Symbolic Regression,Measured deposition coefficients across different laboratory experiments disagree by orders of magnitude.,Other
a948fe73c70a,4,Kara D. Lamb,2025,Atmosphere,Discovering How Ice Crystals Grow Using Neural ODE's and Symbolic Regression,"Structural uncertainty: standard models assume a single deposition coefficient alpha, which fails to capture surface transformations in newly nucleated crystals.",Uncertainty quantification / ensembles; Structural / model error & biases; Missing / simplified process representation
a948fe73c70a,4,Kara D. Lamb,2025,Atmosphere,Discovering How Ice Crystals Grow Using Neural ODE's and Symbolic Regression,Chamber supersaturation has relatively high observational uncertainty (order 10%).,Uncertainty quantification / ensembles; Measurement noise / data quality
b10f4cc342fd,4,Irene Palazzoli,2025,Land & hydrology,GRAiCE: reconstructing terrestrial water storage anomalies with recurrent neural networks,Missing data and long-term observational temporal gaps between GRACE (ended 2017) and GRACE-FO (started 2018) as well as within missions.,Other
b10f4cc342fd,4,Irene Palazzoli,2025,Land & hydrology,GRAiCE: reconstructing terrestrial water storage anomalies with recurrent neural networks,Lack of direct TWSA observational data prior to 2002 to validate pre-GRACE reconstructions.,Other
b10f4cc342fd,4,Irene Palazzoli,2025,Land & hydrology,GRAiCE: reconstructing terrestrial water storage anomalies with recurrent neural networks,"Neglect of anthropogenic impacts (groundwater extraction, irrigation, reservoir/dam operation) leads to systematic over/underestimation in heavily exploited agricultural or arid basins.",Missing / simplified process representation
b10f4cc342fd,4,Irene Palazzoli,2025,Land & hydrology,GRAiCE: reconstructing terrestrial water storage anomalies with recurrent neural networks,"Spatial constraints imposed by the SIF dataset (61,215 grid cells vs 91,528 for meteorological forcings).",Other
b471409f0ea8,4,Mohammad H. Erfani,2024,Atmosphere,Spatio-Temporal Machine Learning Models for Emulation of Global Atmospheric Composition,"Aerosol concentrations vary over multiple orders of magnitude between source and remote regions, leading standard loss functions (MSE/MAE) to heavily misestimate low concentrations or underrepresent extreme high peaks.",Extremes / tails / imbalance; Smoothing / loss of small-scale variance
b471409f0ea8,4,Mohammad H. Erfani,2024,Atmosphere,Spatio-Temporal Machine Learning Models for Emulation of Global Atmospheric Composition,"Underestimation of peak concentration events (e.g., during Northern Hemisphere wildfire seasons and extreme events >630e-11 kg/kg_air).",Extremes / tails / imbalance
b471409f0ea8,4,Mohammad H. Erfani,2024,Atmosphere,Spatio-Temporal Machine Learning Models for Emulation of Global Atmospheric Composition,High GPU memory (VRAM) consumption when integrating self-attention mechanisms or moving to 3D vertical aerosol emulation.,Computational cost / scaling
b471409f0ea8,4,Mohammad H. Erfani,2024,Atmosphere,Spatio-Temporal Machine Learning Models for Emulation of Global Atmospheric Composition,Boundary conditioning required special cyclic padding across longitudes and reflective padding across poles.,Numerics / boundaries / discretization
b6cebb1c1191,4,Katharina Hafner,2024,Atmosphere,Interpretable Machine Learning-based Radiation Emulation for ICON,Larger errors under cloudy sky conditions compared to clear sky conditions due to horizontal cloud heterogeneity at coarse scales,Scale mismatch / resolution / subgrid; Predictability / initialization / skill
b6cebb1c1191,4,Katharina Hafner,2024,Atmosphere,Interpretable Machine Learning-based Radiation Emulation for ICON,Omits interactive aerosols and varying greenhouse gases (fixed annual mean CO2),Missing / simplified process representation
b6cebb1c1191,4,Katharina Hafner,2024,Atmosphere,Interpretable Machine Learning-based Radiation Emulation for ICON,"Independent prediction of vertical heating rates and boundary fluxes does not guarantee exact conservation/energy consistency, though checked a posteriori to be within ~1 W/m2",Online stability / offline–online gap; Physical consistency / conservation; Numerics / boundaries / discretization
b6cebb1c1191,4,Katharina Hafner,2024,Atmosphere,Interpretable Machine Learning-based Radiation Emulation for ICON,Direct flux components show lower R2 (<0) compared to diffuse and total components,Other
be371321361e,4,Joseph W. Lockwood,2024,Atmosphere,A Generative Super‐Resolution Model for Enhancing Tropical Cyclone Wind Field Intensity and Resolution,Chronic underprediction of tropical cyclone intensity and loss of core structure in coarse climate and weather reanalyses/models (0.25°–1°).,Extremes / tails / imbalance
be371321361e,4,Joseph W. Lockwood,2024,Atmosphere,A Generative Super‐Resolution Model for Enhancing Tropical Cyclone Wind Field Intensity and Resolution,Limited observational coverage and time window smoothing in HWind data (3–6 hour assimilation windows rather than instantaneous snapshots).,Sparse / limited observations; Smoothing / loss of small-scale variance
be371321361e,4,Joseph W. Lockwood,2024,Atmosphere,A Generative Super‐Resolution Model for Enhancing Tropical Cyclone Wind Field Intensity and Resolution,Stochastic variability in diffusion sampling leading to occasional over- or under-estimation of peak wind speeds.,Uncertainty quantification / ensembles
be371321361e,4,Joseph W. Lockwood,2024,Atmosphere,A Generative Super‐Resolution Model for Enhancing Tropical Cyclone Wind Field Intensity and Resolution,Non-stationarity and out-of-distribution generalization challenges when applying trained models under climate change.,Generalization / out-of-distribution
cc0da1d88b85,4,Hang Fan,2025,Atmosphere,Physically Consistent Global Atmospheric Data Assimilation with Machine Learning in Latent Space,"High dimensionality of model-space states leads to background error covariance matrices exceeding 10^12 elements, rendering direct inversion intractable without empirical approximations.",Nonlinearity / high dimensionality
cc0da1d88b85,4,Hang Fan,2025,Atmosphere,Physically Consistent Global Atmospheric Data Assimilation with Machine Learning in Latent Space,Trade-off between compression ratio and autoencoder reconstruction fidelity; excessive compression increases representation error while insufficient compression retains off-diagonal covariance correlations.,Other
cc0da1d88b85,4,Hang Fan,2025,Atmosphere,Physically Consistent Global Atmospheric Data Assimilation with Machine Learning in Latent Space,Patch-like analysis increment artifacts emerge when latent channel dimension exceeds model-space channels due to the Vision Transformer patch embedding.,Measurement noise / data quality
cc0da1d88b85,4,Hang Fan,2025,Atmosphere,Physically Consistent Global Atmospheric Data Assimilation with Machine Learning in Latent Space,"L4DVar relies on end-to-end differentiable forecasting models, currently limiting its application to ML-based weather prediction systems rather than traditional CPU-based dynamical models without adjoints.",Computational cost / scaling; Software / model–ML integration; Predictability / initialization / skill
cc287b2f2a69,4,Daniel Kennedy,2024,Land & hydrology,"One-at-a-time Parameter Perturbation Ensemble of the Community Land Model, version 5.1",High computational cost of standard Earth System land model spinups requiring special matrix-based semi-analytic spin-up (SASU) protocols.,Computational cost / scaling
cc287b2f2a69,4,Daniel Kennedy,2024,Land & hydrology,"One-at-a-time Parameter Perturbation Ensemble of the Community Land Model, version 5.1",Very high parameter space dimensionality (211 parameters perturbed) with complex interdependencies.,Nonlinearity / high dimensionality; Parameter calibration / tuning
cc287b2f2a69,4,Daniel Kennedy,2024,Land & hydrology,"One-at-a-time Parameter Perturbation Ensemble of the Community Land Model, version 5.1","Extreme parameter values causing vegetation mortality (PFT eradication), requiring parameter range clipping.",Extremes / tails / imbalance
cc287b2f2a69,4,Daniel Kennedy,2024,Land & hydrology,"One-at-a-time Parameter Perturbation Ensemble of the Community Land Model, version 5.1","Discovery of model code bugs (e.g., transposed nitrogen uptake parameters) post-ensemble generation.",Other
cc287b2f2a69,4,Daniel Kennedy,2024,Land & hydrology,"One-at-a-time Parameter Perturbation Ensemble of the Community Land Model, version 5.1",Lack of land-atmosphere coupling feedbacks in land-only offline simulations.,Online stability / offline–online gap
cccad2176f92,4,Nina Raoult,2024,Land & hydrology,Parameter Estimation in Land Surface Models: Challenges and Opportunities with Data Assimilation and Machine Learning,"Severe computational burden of complex land surface models, especially spin-up and transient historical runs (>100s to 1000s of years), making traditional Bayesian MCMC sampling prohibitive for high-dimensional models",Computational cost / scaling; Nonlinearity / high dimensionality
cccad2176f92,4,Nina Raoult,2024,Land & hydrology,Parameter Estimation in Land Surface Models: Challenges and Opportunities with Data Assimilation and Machine Learning,High dimensionality of parameter spaces coupled with equifinality and strong parameter covariances,Interpretability / causality / equifinality; Nonlinearity / high dimensionality; Parameter calibration / tuning
cccad2176f92,4,Nina Raoult,2024,Land & hydrology,Parameter Estimation in Land Surface Models: Challenges and Opportunities with Data Assimilation and Machine Learning,Difficulty and maintenance overhead of coding adjoint and tangent-linear models for legacy Fortran land models to support gradient-based 4DVar,Software / model–ML integration
cccad2176f92,4,Nina Raoult,2024,Land & hydrology,Parameter Estimation in Land Surface Models: Challenges and Opportunities with Data Assimilation and Machine Learning,Scale mismatch and representativeness errors between point/satellite observations and model grid resolutions,Scale mismatch / resolution / subgrid; Data harmonization / mismatch
cccad2176f92,4,Nina Raoult,2024,Land & hydrology,Parameter Estimation in Land Surface Models: Challenges and Opportunities with Data Assimilation and Machine Learning,Difficulty separating model structural discrepancy from observational errors and biases,Structural / model error & biases; Measurement noise / data quality
cccad2176f92,4,Nina Raoult,2024,Land & hydrology,Parameter Estimation in Land Surface Models: Challenges and Opportunities with Data Assimilation and Machine Learning,"Stepwise vs. simultaneous assimilation trade-offs when dealing with multiple, heterogeneous, and unbalanced observation streams",Other
d167792ab2ac,4,Amanda R. Fay,2025,Ocean,Sensitivity of Ocean Carbon Sink Estimates to Rare Observations,Severe observational data sparsity (SOCAT represents roughly 2% of the global ocean surface) causing high reconstruction sensitivity to small numbers of observations in under-sampled regions like the Southern Ocean.,Sparse / limited observations
d167792ab2ac,4,Amanda R. Fay,2025,Ocean,Sensitivity of Ocean Carbon Sink Estimates to Rare Observations,Decadal and interannual divergence between model ensembles (GOBMs) and observation-based statistical reconstructions.,Other
d167792ab2ac,4,Amanda R. Fay,2025,Ocean,Sensitivity of Ocean Carbon Sink Estimates to Rare Observations,Declining annual additions of in situ fCO2 measurements to SOCAT since 2017.,Other
d167792ab2ac,4,Amanda R. Fay,2025,Ocean,Sensitivity of Ocean Carbon Sink Estimates to Rare Observations,Susceptibility of ML reconstructions to observational bias when sparse cruise observations are added.,Sparse / limited observations; Structural / model error & biases
d3028eaacf65,4,Mohammadreza M. Kalan,2025,Atmosphere,Transfer Neyman-Pearson Algorithm for Outlier Detection,Extreme class imbalance in rare event detection (heavy precipitation),Extremes / tails / imbalance
d3028eaacf65,4,Mohammadreza M. Kalan,2025,Atmosphere,Transfer Neyman-Pearson Algorithm for Outlier Detection,Scarcity of target abnormal/extreme event samples,Sparse / limited observations; Extremes / tails / imbalance
d3028eaacf65,4,Mohammadreza M. Kalan,2025,Atmosphere,Transfer Neyman-Pearson Algorithm for Outlier Detection,Negative transfer when source domain distribution diverges significantly from target domain,Other
d3028eaacf65,4,Mohammadreza M. Kalan,2025,Atmosphere,Transfer Neyman-Pearson Algorithm for Outlier Detection,Computational intractability of non-convex/0-1 indicator loss in constrained Neyman-Pearson classification,Other
d49ba8f5815b,4,Thea Hatlen Heimdal,2024,Ocean,Data Requirements for Quantifying the Background Ocean Carbon Sink,High natural variability and uncertainty of the background ocean carbon sink at local to regional scales,Uncertainty quantification / ensembles
d49ba8f5815b,4,Thea Hatlen Heimdal,2024,Ocean,Data Requirements for Quantifying the Background Ocean Carbon Sink,Sparse real-world surface ocean fCO2 observational coverage,Sparse / limited observations
d49ba8f5815b,4,Thea Hatlen Heimdal,2024,Ocean,Data Requirements for Quantifying the Background Ocean Carbon Sink,Stringent error threshold required to detect marine CDR signals (< 2 μatm),Other
dca5bcbe8120,4,Qingyuan Yang,,Atmosphere,A new climate model PPE emulator that enables new insights on host model behavior,Parameter interaction and non-linearity: Simple linear regression fails to capture higher-order parameter interactions and non-linear relationships.,Nonlinearity / high dimensionality
dca5bcbe8120,4,Qingyuan Yang,,Atmosphere,A new climate model PPE emulator that enables new insights on host model behavior,"Curse of dimensionality vs sparsity: Climate model PPEs typically have only a few hundred members, creating data sparsity in high-dimensional parameter spaces.",Sparse / limited observations; Uncertainty quantification / ensembles; Nonlinearity / high dimensionality; Parameter calibration / tuning
dca5bcbe8120,4,Qingyuan Yang,,Atmosphere,A new climate model PPE emulator that enables new insights on host model behavior,"Variable grouping tradeoffs: Emulating all variables at once with neural networks overlooks isolated parameter-output relationships (e.g., TIWP and vf_mults), whereas emulating single variables one-at-a-time ignores inter-variable dependencies.",Missing / simplified process representation
dca5bcbe8120,4,Qingyuan Yang,,Atmosphere,A new climate model PPE emulator that enables new insights on host model behavior,Impact of outliers: Outliers in PPE outputs strongly impact training and validation metrics but represent valid model behaviors rather than errors.,Measurement noise / data quality
dca5bcbe8120,4,Qingyuan Yang,,Atmosphere,A new climate model PPE emulator that enables new insights on host model behavior,Cumulative impacts: Less individually sensitive parameters cumulatively have a non-negligible impact on model target outputs.,Other
ea382254fcae,4,,2025,Atmosphere,Disentangling Representations of Ice Crystals with In Situ Imagery and Unsupervised Learning,Large scale disparities and incomplete understanding of ice cloud microphysics,Missing / simplified process representation
ea382254fcae,4,,2025,Atmosphere,Disentangling Representations of Ice Crystals with In Situ Imagery and Unsupervised Learning,Limited utilization and analysis of vast datasets of millions of CPI images,Other
ea382254fcae,4,,2025,Atmosphere,Disentangling Representations of Ice Crystals with In Situ Imagery and Unsupervised Learning,Difficulty in capturing and categorizing the underlying diversity of ice crystal habits without supervised labels,Measurement noise / data quality
ed0b24c63f57,4,Kara Lamb,2023,Atmosphere,Breakout Session Report: Data-driven parameterization development using ARM observations and models,Need for physical insight and domain knowledge in machine architectures rather than trial-and-error approaches,Other
ed0b24c63f57,4,Kara Lamb,2023,Atmosphere,Breakout Session Report: Data-driven parameterization development using ARM observations and models,Long timelines (often several years) required for cross-disciplinary collaboration between atmospheric scientists and machine learning researchers,Other
ed0b24c63f57,4,Kara Lamb,2023,Atmosphere,Breakout Session Report: Data-driven parameterization development using ARM observations and models,"High computational cost of sampling methods (e.g., MCMC needing millions of samples for high-dimensional models), necessitating fast surrogate models",Computational cost / scaling; Nonlinearity / high dimensionality
ed0b24c63f57,4,Kara Lamb,2023,Atmosphere,Breakout Session Report: Data-driven parameterization development using ARM observations and models,"Interpretability challenges with equation discovery and symbolic regression (e.g., understanding equations discovered by AI Feynman)",Interpretability / causality / equifinality
ed0b24c63f57,4,Kara Lamb,2023,Atmosphere,Breakout Session Report: Data-driven parameterization development using ARM observations and models,Handling multiscale interactions in causal discovery when processes span minutes to days; mismatch between observation time resolution and process timescales can lead to erroneous causal attribution,Interpretability / causality / equifinality; Scale mismatch / resolution / subgrid; Data harmonization / mismatch
ed0b24c63f57,4,Kara Lamb,2023,Atmosphere,Breakout Session Report: Data-driven parameterization development using ARM observations and models,Lack of standardized community tools and software infrastructure to implement ML parameterizations directly inside host climate models,Software / model–ML integration
ed0b24c63f57,4,Kara Lamb,2023,Atmosphere,Breakout Session Report: Data-driven parameterization development using ARM observations and models,Exploration vs. exploitation tradeoff between pursuing cutting-edge scientific ML methods and implementing near-term operational parameterizations in Earth system models,Other
edc5e71a96bb,4,Lauren A Moseley,2025,Ocean,The ASTE-BGC Data-Assimilative Regional Ocean Biogeochemistry Model,"Spin-up caused model drift away from the observed state (model attractor vs. data attractor), making initial condition adjustments dominant over parameter tuning.",Online stability / offline–online gap; Parameter calibration / tuning
edc5e71a96bb,4,Lauren A Moseley,2025,Ocean,The ASTE-BGC Data-Assimilative Regional Ocean Biogeochemistry Model,"The Green's Functions method assumes linearity of perturbations, which is challenging for highly nonlinear ocean biogeochemical and ecological processes.",Online stability / offline–online gap; Nonlinearity / high dimensionality; Missing / simplified process representation
edc5e71a96bb,4,Lauren A Moseley,2025,Ocean,The ASTE-BGC Data-Assimilative Regional Ocean Biogeochemistry Model,Computational cost of the Green's Functions approach scales linearly with the number of parameter sensitivity experiments.,Computational cost / scaling; Parameter calibration / tuning
edc5e71a96bb,4,Lauren A Moseley,2025,Ocean,The ASTE-BGC Data-Assimilative Regional Ocean Biogeochemistry Model,"Sparse observational coverage in space and time, especially in high-latitude/subpolar regions and winter months.",Sparse / limited observations
ef48d76ed836,4,Yuanfang Chai,2025,Land & hydrology; Cryosphere,Constrained Earth system models show a stronger reduction in future Northern Hemisphere snowmelt water,"Drizzle problem: GCMs frequently overestimate light snowfall frequency, causing severe positive biases in snow accumulation and SWE.",Structural / model error & biases
ef48d76ed836,4,Yuanfang Chai,2025,Land & hydrology; Cryosphere,Constrained Earth system models show a stronger reduction in future Northern Hemisphere snowmelt water,Glaciated grid cells in ESMs: Lack of distinction between glaciers and seasonal snow pack leads to unrealistic SWE accumulation (>500 kg m^-2) in mountain regions.,Other
ef48d76ed836,4,Yuanfang Chai,2025,Land & hydrology; Cryosphere,Constrained Earth system models show a stronger reduction in future Northern Hemisphere snowmelt water,"High observational uncertainty across historical SWE datasets due to sparse in situ networks, retrieval algorithm assumptions, and forcing inaccuracies.",Sparse / limited observations; Uncertainty quantification / ensembles; Measurement noise / data quality; Missing / simplified process representation
fafdf830ed94,4,Qingyuan Yang,2024,Atmosphere,Insights from emulating CAM6 PPE with Neural Network and an additive emulator,Limited number of ensemble members (262 members) limits capturing three- or more-parameter interactions,Uncertainty quantification / ensembles; Nonlinearity / high dimensionality
fafdf830ed94,4,Qingyuan Yang,2024,Atmosphere,Insights from emulating CAM6 PPE with Neural Network and an additive emulator,Grouping unrelated target variables together degrades emulator performance,Other
fafdf830ed94,4,Qingyuan Yang,2024,Atmosphere,Insights from emulating CAM6 PPE with Neural Network and an additive emulator,Cumulative impact of seemingly unimportant parameters can degrade performance across emulation methods,Other
fe5718b56f53,4,Amanda R. Fay,2024,Ocean; Land & hydrology,Scale-Dependent Drivers of Air-Sea CO2 Flux Variability,Separating internal climate variability from forced variability in observational and multi-model ensembles,Other
fe5718b56f53,4,Amanda R. Fay,2024,Ocean; Land & hydrology,Scale-Dependent Drivers of Air-Sea CO2 Flux Variability,"Multi-model ensemble averaging dampens internal variability inherent to individual models, artificially amplifying common atmospheric forcing signals",Other
fe5718b56f53,4,Amanda R. Fay,2024,Ocean; Land & hydrology,Scale-Dependent Drivers of Air-Sea CO2 Flux Variability,High amplitude of localized climate-driven variability obscures the detection of emerging signals from slowing atmospheric CO2 growth rates without denser observing networks,Other
02193a8558dc,5,Nina Raoult,2025,Land & hydrology,Parameter Estimation in Land Surface Models: Challenges and Opportunities With Data Assimilation and Machine Learning,High computational cost of running complex land surface models for large ensembles or iterative MCMC algorithms.,Computational cost / scaling
02193a8558dc,5,Nina Raoult,2025,Land & hydrology,Parameter Estimation in Land Surface Models: Challenges and Opportunities With Data Assimilation and Machine Learning,Curse of dimensionality due to many vegetation (PFTs) and soil texture classes.,Nonlinearity / high dimensionality
02193a8558dc,5,Nina Raoult,2025,Land & hydrology,Parameter Estimation in Land Surface Models: Challenges and Opportunities With Data Assimilation and Machine Learning,Equifinality where different parameter combinations yield identical model fits.,Interpretability / causality / equifinality
02193a8558dc,5,Nina Raoult,2025,Land & hydrology,Parameter Estimation in Land Surface Models: Challenges and Opportunities With Data Assimilation and Machine Learning,Difficulty in characterizing model structural error versus observation error / data biases.,Structural / model error & biases; Measurement noise / data quality
02193a8558dc,5,Nina Raoult,2025,Land & hydrology,Parameter Estimation in Land Surface Models: Challenges and Opportunities With Data Assimilation and Machine Learning,Observation error correlations (spatial/temporal) typically omitted or unknown.,Measurement noise / data quality; Missing / simplified process representation
02193a8558dc,5,Nina Raoult,2025,Land & hydrology,Parameter Estimation in Land Surface Models: Challenges and Opportunities With Data Assimilation and Machine Learning,Constructing and maintaining adjoint or tangent linear models in legacy Fortran code bases.,Software / model–ML integration
02193a8558dc,5,Nina Raoult,2025,Land & hydrology,Parameter Estimation in Land Surface Models: Challenges and Opportunities With Data Assimilation and Machine Learning,Spin-up and historical period computational expense required to constrain slow-acting soil carbon pools.,Computational cost / scaling
02193a8558dc,5,Nina Raoult,2025,Land & hydrology,Parameter Estimation in Land Surface Models: Challenges and Opportunities With Data Assimilation and Machine Learning,Mismatch of spatial resolution and forward representation between satellite observations and model grid cells.,Scale mismatch / resolution / subgrid; Data harmonization / mismatch
02bea554d4bc,5,Yinglin Tian,2025,Atmosphere; Land & hydrology,Accelerated heatwave trends from nonlinear land-atmosphere interactions in midlatitude humid regions,CMIP6 models systematically underestimate interaction nonlinearity (by ~85%) and activated-regime coupling slopes (by ~73%).,Online stability / offline–online gap; Nonlinearity / high dimensionality
02bea554d4bc,5,Yinglin Tian,2025,Atmosphere; Land & hydrology,Accelerated heatwave trends from nonlinear land-atmosphere interactions in midlatitude humid regions,GCM structural biases in simulating initial soil moisture (too dry at heatwave onset) and sluggish soil moisture depletion rate (1.4%/day in CMIP6 vs 2.4%/day in ERA5).,Structural / model error & biases
02bea554d4bc,5,Yinglin Tian,2025,Atmosphere; Land & hydrology,Accelerated heatwave trends from nonlinear land-atmosphere interactions in midlatitude humid regions,Internal variability cannot explain model biases: reanalysis observations lie entirely outside the 40-member CESM2-LE ensemble spread.,Uncertainty quantification / ensembles; Structural / model error & biases
03cbd882667f,5,Kara D. Lamb,2026,Atmosphere,Systematic Cloud Microphysics Scheme Development with Machine Learning,Parametric uncertainty linked to physical parameter values,Uncertainty quantification / ensembles
03cbd882667f,5,Kara D. Lamb,2026,Atmosphere,Systematic Cloud Microphysics Scheme Development with Machine Learning,Structural uncertainty arising from incomplete physical understanding and computational approximations,Uncertainty quantification / ensembles; Structural / model error & biases; Missing / simplified process representation
03cbd882667f,5,Kara D. Lamb,2026,Atmosphere,Systematic Cloud Microphysics Scheme Development with Machine Learning,Aleatoric (statistical) and epistemic (systematic) errors contributing to microphysics parameterization uncertainty,Uncertainty quantification / ensembles
03cbd882667f,5,Kara D. Lamb,2026,Atmosphere,Systematic Cloud Microphysics Scheme Development with Machine Learning,Bridging the scale gap between microphysical processes and resolved grid scales across weather and climate models,Scale mismatch / resolution / subgrid; Software / model–ML integration
05a1e8288295,5,Manuel O. Gutierrez-Villanueva,2026,Ocean,An Improved Methodology to Estimate Cross-Scale Kinetic Energy Transfers from Third-Order Structure Functions Using Regularized Least Squares,"Standard spectral and coarse-graining approaches require gridded velocity fields and are unsuitable for sparse, ungridded observations.",Sparse / limited observations; Smoothing / loss of small-scale variance; Scale mismatch / resolution / subgrid
05a1e8288295,5,Manuel O. Gutierrez-Villanueva,2026,Ocean,An Improved Methodology to Estimate Cross-Scale Kinetic Energy Transfers from Third-Order Structure Functions Using Regularized Least Squares,"Nonnegative least squares (NNLS) assumes purely positive KE injections, failing to capture KE sinks (convergences) or non-monotonic spectral fluxes.",Smoothing / loss of small-scale variance; Missing / simplified process representation
05a1e8288295,5,Manuel O. Gutierrez-Villanueva,2026,Ocean,An Improved Methodology to Estimate Cross-Scale Kinetic Energy Transfers from Third-Order Structure Functions Using Regularized Least Squares,Ordinary least squares overfits data and yields nonphysical energy transfers due to unconstrained parameter magnitudes.,Physical consistency / conservation
05a1e8288295,5,Manuel O. Gutierrez-Villanueva,2026,Ocean,An Improved Methodology to Estimate Cross-Scale Kinetic Energy Transfers from Third-Order Structure Functions Using Regularized Least Squares,"Velocity increment distributions are non-Gaussian with heavy tails and extreme events, complicating error propagation and uncertainty analysis.",Uncertainty quantification / ensembles; Extremes / tails / imbalance
05a1e8288295,5,Manuel O. Gutierrez-Villanueva,2026,Ocean,An Improved Methodology to Estimate Cross-Scale Kinetic Energy Transfers from Third-Order Structure Functions Using Regularized Least Squares,"Drifters cluster preferentially in convergent or high-vorticity flow structures, introducing sampling biases and violating spatial homogeneity assumptions.",Online stability / offline–online gap; Physical consistency / conservation; Structural / model error & biases; Missing / simplified process representation
08404f14aec9,5,Ayantika Bhattacharjee,2026,Ocean,Estimating the Kinetic Energy Spectrum from the Second-Order Velocity Structure Function using a Regularized Fitting Approach,"Analytical inverse Hankel transform is ill-conditioned due to the oscillatory Bessel kernel, finite separation range, and sampling noise.",Measurement noise / data quality
08404f14aec9,5,Ayantika Bhattacharjee,2026,Ocean,Estimating the Kinetic Energy Spectrum from the Second-Order Velocity Structure Function using a Regularized Fitting Approach,Uncertainty in structure function SF2 at large spatial separations propagates into reconstructed KE spectra at low wavenumbers.,Uncertainty quantification / ensembles
08404f14aec9,5,Ayantika Bhattacharjee,2026,Ocean,Estimating the Kinetic Energy Spectrum from the Second-Order Velocity Structure Function using a Regularized Fitting Approach,Noise in SF2 obscures the precise detection and localization of spectral slope transitions across dynamical regimes.,Smoothing / loss of small-scale variance; Measurement noise / data quality
08404f14aec9,5,Ayantika Bhattacharjee,2026,Ocean,Estimating the Kinetic Energy Spectrum from the Second-Order Velocity Structure Function using a Regularized Fitting Approach,Overparameterization leads to Jacobian rank-deficit and numerical instability when the number of spectral segments approaches or exceeds the number of data points.,Online stability / offline–online gap; Smoothing / loss of small-scale variance; Numerics / boundaries / discretization
08404f14aec9,5,Ayantika Bhattacharjee,2026,Ocean,Estimating the Kinetic Energy Spectrum from the Second-Order Velocity Structure Function using a Regularized Fitting Approach,"Instrumental sampling issues (e.g., drogue loss in drifters) reduce effective sample size and degrees of freedom at large spatial separations.",Online stability / offline–online gap
0acda7ad1125,5,Manuel Othon Gutierrez-Villanueva,2026,Ocean,An improved methodology for estimating Kinetic Energy transfers from structure functions with regularized least-squares,Sparse velocity observations make cross-scale kinetic energy transfer estimation difficult,Sparse / limited observations
0acda7ad1125,5,Manuel Othon Gutierrez-Villanueva,2026,Ocean,An improved methodology for estimating Kinetic Energy transfers from structure functions with regularized least-squares,"Existing non-negative least squares (NNLS) assume monotonic transfers, failing to capture convergences or negative energy injections",Missing / simplified process representation
116c0087d2fe,5,Ann M. Fridlind,2026,Atmosphere; Cryosphere,Toward a Climate OSSE Framework for Satellite Mission Design,Computational expense of high-dimensional MCMC sampling for climate models requires surrogate ML emulators,Computational cost / scaling; Nonlinearity / high dimensionality
116c0087d2fe,5,Ann M. Fridlind,2026,Atmosphere; Cryosphere,Toward a Climate OSSE Framework for Satellite Mission Design,"Poor characterization of observational uncertainties in satellite retrievals (e.g., cloudy boundary layer thermodynamic state) widens posterior parameter spread",Uncertainty quantification / ensembles; Measurement noise / data quality; Numerics / boundaries / discretization
116c0087d2fe,5,Ann M. Fridlind,2026,Atmosphere; Cryosphere,Toward a Climate OSSE Framework for Satellite Mission Design,Distinguishing model structural error from parametric error: parameter tuning cannot fix structural parameterization shortcomings,Structural / model error & biases; Parameter calibration / tuning
116c0087d2fe,5,Ann M. Fridlind,2026,Atmosphere; Cryosphere,Toward a Climate OSSE Framework for Satellite Mission Design,Representativeness error and lack of spatial/temporal sampling homogeneity in satellite observations,Scale mismatch / resolution / subgrid
116c0087d2fe,5,Ann M. Fridlind,2026,Atmosphere; Cryosphere,Toward a Climate OSSE Framework for Satellite Mission Design,Absence of an established climate OSSE framework linking prospective satellite observing systems to climate projection uncertainty metrics,Uncertainty quantification / ensembles
11a897504521,5,Benjamin Herdeanu,2025,Atmosphere; Ocean,CausalDynamics: A large-scale benchmark for structural discovery of dynamical causal models,Algorithms often infer autocorrelation or dense adjacency where none exists when confronted with nonstationary dynamics,Other
11a897504521,5,Benjamin Herdeanu,2025,Atmosphere; Ocean,CausalDynamics: A large-scale benchmark for structural discovery of dynamical causal models,Deep learning-based causal discovery algorithms are often outperformed by non-DL constraint-based and score-based methods in higher-dimensional dynamical systems,Interpretability / causality / equifinality
11a897504521,5,Benjamin Herdeanu,2025,Atmosphere; Ocean,CausalDynamics: A large-scale benchmark for structural discovery of dynamical causal models,Causal discovery evaluation metrics like AUROC can be deceptively optimistic on sparse graphs due to low false-positive rates,Sparse / limited observations; Extremes / tails / imbalance; Interpretability / causality / equifinality
11a897504521,5,Benjamin Herdeanu,2025,Atmosphere; Ocean,CausalDynamics: A large-scale benchmark for structural discovery of dynamical causal models,"Unobserved confounders, time delays, and observational noise obscure conditional independence testing and lead to spurious causal links",Sparse / limited observations; Interpretability / causality / equifinality; Measurement noise / data quality
1639c364ca7e,5,Hang Fan,2025,Atmosphere,Incorporating Multivariate Consistency in ML-Based Weather Forecasting with Latent-space Constraints,"Autoregressive rollout training in model space with variable-specific MSE loss ignores cross-variable error covariance and scale dependency, causing blurred forecasts and loss of physical realism at long leads.",Physical consistency / conservation; Smoothing / loss of small-scale variance; Missing / simplified process representation; Predictability / initialization / skill
1639c364ca7e,5,Hang Fan,2025,Atmosphere,Incorporating Multivariate Consistency in ML-Based Weather Forecasting with Latent-space Constraints,Explicitly representing the reanalysis error covariance matrix in model space is computationally intractable due to extreme dimensionality (> 10^12).,Extremes / tails / imbalance; Nonlinearity / high dimensionality
1639c364ca7e,5,Hang Fan,2025,Atmosphere,Incorporating Multivariate Consistency in ML-Based Weather Forecasting with Latent-space Constraints,Evaluating the loss in latent space substantially increases computational training costs due to encoder forward passes.,Other
1639c364ca7e,5,Hang Fan,2025,Atmosphere,Incorporating Multivariate Consistency in ML-Based Weather Forecasting with Latent-space Constraints,"Key assumptions for the latent-space surrogate (reconstruction error, local linearity, and diagonal error covariance) are only approximately satisfied in practice.",Missing / simplified process representation
1639c364ca7e,5,Hang Fan,2025,Atmosphere,Incorporating Multivariate Consistency in ML-Based Weather Forecasting with Latent-space Constraints,"Long-range deterministic RMSE of the latent-constrained model still degrades relative to model-space MSE beyond 5 days, highlighting the need for probabilistic formulations at longer lead times.",Uncertainty quantification / ensembles; Smoothing / loss of small-scale variance; Predictability / initialization / skill
18541d990180,5,Jiangong Liu,2025,Land & hydrology,When and where soil dryness matters to ecosystem photosynthesis,Strong covariation and negative correlation between soil moisture and vapour pressure deficit via land-atmosphere feedbacks under water-limited conditions.,Other
18541d990180,5,Jiangong Liu,2025,Land & hydrology,When and where soil dryness matters to ecosystem photosynthesis,Confounding effects from incoming radiation and air temperature.,Interpretability / causality / equifinality
18541d990180,5,Jiangong Liu,2025,Land & hydrology,When and where soil dryness matters to ecosystem photosynthesis,"Traditional feature attribution techniques (like SHAP) fail by assuming predictor independence, which does not hold across distinct causal regimes (energy-limited vs water-limited).",Interpretability / causality / equifinality; Missing / simplified process representation
18541d990180,5,Jiangong Liu,2025,Land & hydrology,When and where soil dryness matters to ecosystem photosynthesis,High computational cost of computing causal Shapley values due to combinatorial calculations.,Computational cost / scaling; Interpretability / causality / equifinality
18541d990180,5,Jiangong Liu,2025,Land & hydrology,When and where soil dryness matters to ecosystem photosynthesis,Lack of global in situ observational root-zone soil moisture measurements.,Other
18b41181226e,5,Pierre Gentine,2025,Ocean,GenAI for Climate Science,Large-scale data and complex modeling demands across the climate research community,Other
18b41181226e,5,Pierre Gentine,2025,Ocean,GenAI for Climate Science,Technical challenges in integrating GenAI tools in research and operational contexts,Other
256b2a11ab7f,5,Qingyuan Yang,2025,Atmosphere,"Structural error-aware climate model calibration with global, local and zonal climatologies using Perturbed Parameter Ensembles (PPEs)","Implementation of the proposed calibration steps requires a significant number of emulated samples (over one million), necessitating sequential sampling.",Software / model–ML integration; Parameter calibration / tuning
256b2a11ab7f,5,Qingyuan Yang,2025,Atmosphere,"Structural error-aware climate model calibration with global, local and zonal climatologies using Perturbed Parameter Ensembles (PPEs)",Strong structural errors cannot be resolved simply by tuning or modifying parameter values.,Structural / model error & biases; Parameter calibration / tuning
256b2a11ab7f,5,Qingyuan Yang,2025,Atmosphere,"Structural error-aware climate model calibration with global, local and zonal climatologies using Perturbed Parameter Ensembles (PPEs)",High dimensionality and computational cost in efficiently constraining parameter space using climate model PPEs.,Computational cost / scaling; Nonlinearity / high dimensionality; Parameter calibration / tuning
2ae43c907021,5,Aleksei Rozanov,2026,Land & hydrology,Task Aware Modulation using Representation Learning for Upsaling of Terrestrial Carbon Fluxes,Sparse and regionally biased distribution of eddy covariance tower measurements (concentrated in North America and Europe),Sparse / limited observations; Structural / model error & biases
2ae43c907021,5,Aleksei Rozanov,2026,Land & hydrology,Task Aware Modulation using Representation Learning for Upsaling of Terrestrial Carbon Fluxes,"Poor generalization and high uncertainty when transferring ML models to unseen biomes, climates, and unobserved regions (covariate shift)",Generalization / out-of-distribution; Sparse / limited observations; Uncertainty quantification / ensembles
2ae43c907021,5,Aleksei Rozanov,2026,Land & hydrology,Task Aware Modulation using Representation Learning for Upsaling of Terrestrial Carbon Fluxes,Context-dependency of flux-feature relationships across varying weather conditions,Other
2ae43c907021,5,Aleksei Rozanov,2026,Land & hydrology,Task Aware Modulation using Representation Learning for Upsaling of Terrestrial Carbon Fluxes,"Differences in spatio-temporal resolution, noise characteristics, and coverage across input data modalities",Sparse / limited observations; Scale mismatch / resolution / subgrid; Measurement noise / data quality
2ae43c907021,5,Aleksei Rozanov,2026,Land & hydrology,Task Aware Modulation using Representation Learning for Upsaling of Terrestrial Carbon Fluxes,Severe underperformance on underrepresented ecosystem types like water bodies (WAT) due to missing aquatic process variables,Other
2f2c2cbdf9c9,5,Laure Zanna,2025,Ocean,Global AI Ocean Climate Models,"High computational cost limits the fidelity, reliability, and ensemble size of climate simulations",Computational cost / scaling; Uncertainty quantification / ensembles
2f2c2cbdf9c9,5,Laure Zanna,2025,Ocean,Global AI Ocean Climate Models,"Inaccurate representations of unresolved subgrid processes such as mixing, clouds, and convection lead to biases",Structural / model error & biases; Scale mismatch / resolution / subgrid
306fafe408c2,5,Othmane Echchabi,2026,Climate system / methods (general),MONITORING ACCESS TO PIPED WATER AND SANITATION INFRASTRUCTURE IN AFRICA AT DISAGGREGATED SCALES USING SATELLITE IMAGERY AND SELF-SUPERVISED LEARNING,"Indirect observability: water networks and sewage infrastructure are not directly visible in optical imagery, forcing models to rely on settlement proxies.",Software / model–ML integration
306fafe408c2,5,Othmane Echchabi,2026,Climate system / methods (general),MONITORING ACCESS TO PIPED WATER AND SANITATION INFRASTRUCTURE IN AFRICA AT DISAGGREGATED SCALES USING SATELLITE IMAGERY AND SELF-SUPERVISED LEARNING,Indicator definition mismatch between household survey binary questions and official WHO/UNICEF JMP service categories.,Data harmonization / mismatch
306fafe408c2,5,Othmane Echchabi,2026,Climate system / methods (general),MONITORING ACCESS TO PIPED WATER AND SANITATION INFRASTRUCTURE IN AFRICA AT DISAGGREGATED SCALES USING SATELLITE IMAGERY AND SELF-SUPERVISED LEARNING,Spatial and temporal distribution shifts when generalizing to unsampled regions and countries without survey data.,Generalization / out-of-distribution
306fafe408c2,5,Othmane Echchabi,2026,Climate system / methods (general),MONITORING ACCESS TO PIPED WATER AND SANITATION INFRASTRUCTURE IN AFRICA AT DISAGGREGATED SCALES USING SATELLITE IMAGERY AND SELF-SUPERVISED LEARNING,Heterogeneous ground truth coverage and sample density across survey rounds.,Sparse / limited observations
3090eb822021,5,Qingyuan Yang,2026,Atmosphere,A Self-Diagnosing Structural Error-Aware Parameter Estimation Method for Earth System Models,"Structural error between observational targets (e.g. FLUT vs LWCF, PRECT vs radiative fluxes) where no parameter set matches both targets simultaneously",Structural / model error & biases
3090eb822021,5,Qingyuan Yang,2026,Atmosphere,A Self-Diagnosing Structural Error-Aware Parameter Estimation Method for Earth System Models,Sparsity in high-dimensional parameter space (100 ensemble members over 34 parameters),Sparse / limited observations; Uncertainty quantification / ensembles; Nonlinearity / high dimensionality; Parameter calibration / tuning
3090eb822021,5,Qingyuan Yang,2026,Atmosphere,A Self-Diagnosing Structural Error-Aware Parameter Estimation Method for Earth System Models,Curse of dimensionality in GP emulation necessitating decomposition into 2D parameter subspaces,Nonlinearity / high dimensionality
3090eb822021,5,Qingyuan Yang,2026,Atmosphere,A Self-Diagnosing Structural Error-Aware Parameter Estimation Method for Earth System Models,Risk of over-constraining and compensating for structural error if mismatch tolerances are inflated,Structural / model error & biases; Data harmonization / mismatch
3090eb822021,5,Qingyuan Yang,2026,Atmosphere,A Self-Diagnosing Structural Error-Aware Parameter Estimation Method for Earth System Models,"Simulation failures during ensemble runs (e.g., 3 out of 90 runs failed in Iteration 1)",Other
311f24bdc568,5,Hang Fan,2026,Atmosphere,Accurate and Efficient Hybrid-Ensemble Atmospheric Data Assimilation in Latent Space with Uncertainty Quantification,High computational and memory demands of 4D variational and ensemble data assimilation scaling with resolution and observation volume,Computational cost / scaling; Scale mismatch / resolution / subgrid
311f24bdc568,5,Hang Fan,2026,Atmosphere,Accurate and Efficient Hybrid-Ensemble Atmospheric Data Assimilation in Latent Space with Uncertainty Quantification,"Accurate uncertainty quantification in high-dimensional model space is hindered by small ensemble sizes, leading to sampling noise and spurious correlations",Uncertainty quantification / ensembles; Interpretability / causality / equifinality; Measurement noise / data quality; Nonlinearity / high dimensionality
311f24bdc568,5,Hang Fan,2026,Atmosphere,Accurate and Efficient Hybrid-Ensemble Atmospheric Data Assimilation in Latent Space with Uncertainty Quantification,"Deterministic ML forecast models are insensitive to initial-condition perturbations, yielding poorly spread perturbation-based ensembles",Uncertainty quantification / ensembles; Predictability / initialization / skill
311f24bdc568,5,Hang Fan,2026,Atmosphere,Accurate and Efficient Hybrid-Ensemble Atmospheric Data Assimilation in Latent Space with Uncertainty Quantification,"Indirect observation operators (e.g., satellite radiances) require substantial implementation overhead for O2Lnet training",Software / model–ML integration
311f24bdc568,5,Hang Fan,2026,Atmosphere,Accurate and Efficient Hybrid-Ensemble Atmospheric Data Assimilation in Latent Space with Uncertainty Quantification,"Need for differentiable forecast models and observation operators in standard L4DVar and 4DVar, which incurs heavy optimization and memory overhead",Computational cost / scaling; Software / model–ML integration; Predictability / initialization / skill
3296742c595f,5,Da Fan,,Atmosphere,Using Contrastive Learning to Identify Structural Deficiencies in Climate Models and Generate Calibrated Physics Ensembles,Warm rain microphysics remains highly uncertain in global models,Other
3296742c595f,5,Da Fan,,Atmosphere,Using Contrastive Learning to Identify Structural Deficiencies in Climate Models and Generate Calibrated Physics Ensembles,Significant zonal mean climatology biases across multiple regions and variables simultaneously,Structural / model error & biases
3296742c595f,5,Da Fan,,Atmosphere,Using Contrastive Learning to Identify Structural Deficiencies in Climate Models and Generate Calibrated Physics Ensembles,Drizzle frequency bias and extreme precipitation biases in climate simulations,Extremes / tails / imbalance; Structural / model error & biases
3296742c595f,5,Da Fan,,Atmosphere,Using Contrastive Learning to Identify Structural Deficiencies in Climate Models and Generate Calibrated Physics Ensembles,High dimensionality of physical feature space complicates parameter sensitivity and attribution analysis,Interpretability / causality / equifinality; Nonlinearity / high dimensionality; Parameter calibration / tuning
33f94bfe9583,5,Ken S. Carslaw,2026,Atmosphere,Opinion: The importance and future development of perturbed parameter ensembles in climate and atmospheric science,Computational cost of running ensembles of complex high-resolution models,Computational cost / scaling; Scale mismatch / resolution / subgrid
33f94bfe9583,5,Ken S. Carslaw,2026,Atmosphere,Opinion: The importance and future development of perturbed parameter ensembles in climate and atmospheric science,High dimensionality of parameter space and sparse sampling,Sparse / limited observations; Nonlinearity / high dimensionality; Parameter calibration / tuning
33f94bfe9583,5,Ken S. Carslaw,2026,Atmosphere,Opinion: The importance and future development of perturbed parameter ensembles in climate and atmospheric science,Equifinality and error compensation obscuring physical causation and reliable projections,Interpretability / causality / equifinality; Structural / model error & biases
33f94bfe9583,5,Ken S. Carslaw,2026,Atmosphere,Opinion: The importance and future development of perturbed parameter ensembles in climate and atmospheric science,Representation errors and observational uncertainties when confronting models with observations,Uncertainty quantification / ensembles; Measurement noise / data quality
33f94bfe9583,5,Ken S. Carslaw,2026,Atmosphere,Opinion: The importance and future development of perturbed parameter ensembles in climate and atmospheric science,Over-fitting / over-tuning of models concealing structural deficiencies,Parameter calibration / tuning
33f94bfe9583,5,Ken S. Carslaw,2026,Atmosphere,Opinion: The importance and future development of perturbed parameter ensembles in climate and atmospheric science,Disentangling internal variability from parametric and structural uncertainty,Uncertainty quantification / ensembles; Structural / model error & biases
33f94bfe9583,5,Ken S. Carslaw,2026,Atmosphere,Opinion: The importance and future development of perturbed parameter ensembles in climate and atmospheric science,Large data volumes produced by extensive ensembles,Data volume / access / storage
35cb03483079,5,Da Fan,2025,Atmosphere,Exploring Structural Differences and Parameter Calibration for Microphysics in CESM with Latent Representations using Contrastive Learning Models,"Calibrating weather and climate models is challenging, labor-intensive, and time-consuming.",Parameter calibration / tuning
36817fe1aa1a,5,Prakhar Srivastava,2026,Atmosphere,Control-Augmented Autoregressive Diffusion for Data Assimilation,Long-horizon autoregressive drift and compounding errors in chaotic systems under sparse observations.,Online stability / offline–online gap; Sparse / limited observations; Predictability / initialization / skill
36817fe1aa1a,5,Prakhar Srivastava,2026,Atmosphere,Control-Augmented Autoregressive Diffusion for Data Assimilation,"High computational cost of inference-time guidance, test-time optimization, and joint score evaluations in diffusion models.",Computational cost / scaling
36817fe1aa1a,5,Prakhar Srivastava,2026,Atmosphere,Control-Augmented Autoregressive Diffusion for Data Assimilation,"Classical data assimilation methods (EnKF, 3D-Var, 4D-Var) degrade sharply under aggressive downsampling, non-Gaussianity, and highly sparse/delayed observations.",Sparse / limited observations
3a1c0bd4e637,5,Da Fan,2025,Atmosphere,Uncertainty Estimation of Bayesian Deep Learning for Convective Initiation Nowcasting,Poorer generalization of initial-weights ensemble + MC dropout method in clear-sky and anvil cloud regions without convective initiation,Generalization / out-of-distribution
3a1c0bd4e637,5,Da Fan,2025,Atmosphere,Uncertainty Estimation of Bayesian Deep Learning for Convective Initiation Nowcasting,Standard Bayesian ResNet underperforms deterministic ResNet at lead times longer than 10 minutes,Predictability / initialization / skill
3c4ad273daa5,5,Shuolin Li,2025,Land & hydrology,Integrated Turbulence and Machine Learning Models Explain Pier Scour in Erodible Channels,"Lack of direct fine-scale vertical velocity spectrum measurements within scour holes, requiring analogies with emergent canopy flows",Other
3c4ad273daa5,5,Shuolin Li,2025,Land & hydrology,Integrated Turbulence and Machine Learning Models Explain Pier Scour in Erodible Channels,"Analytical intractability of full double-integration of prognostic turbulence budgets over depth and wavenumber, requiring bulk approximations and data-driven symbolic regression",Online stability / offline–online gap
3c4ad273daa5,5,Shuolin Li,2025,Land & hydrology,Integrated Turbulence and Machine Learning Models Explain Pier Scour in Erodible Channels,Data compilation limited to laboratory-scale experiments with predominantly fine sediments (dp/H ~ 10^-4 to 10^-3),Other
42f5f359f9b5,5,Thea H. Heimdal,2025,Ocean,An update of the LDEO fCO2-Residual method: algorithmic choices improve ocean carbon sink estimates,"Severe observational data sparsity (SOCAT covers ~2% of the global surface ocean monthly grid cells over 1982-2024), especially prior to 1990 and declining since 2017.",Sparse / limited observations
42f5f359f9b5,5,Thea H. Heimdal,2025,Ocean,An update of the LDEO fCO2-Residual method: algorithmic choices improve ocean carbon sink estimates,Persistent regional observation gaps in the Southern Ocean and Southern Hemisphere.,Sparse / limited observations
42f5f359f9b5,5,Thea H. Heimdal,2025,Ocean,An update of the LDEO fCO2-Residual method: algorithmic choices improve ocean carbon sink estimates,"Target distribution skewness and long-term trends: oceanic fCO2 has a multi-decadal upward trend that is not shared by most predictor variables (salinity, chlorophyll), creating distribution mismatch that introduces reconstruction bias unless trend/atmospheric CO2 is removed (e.g. using ΔfCO2-Residual).",Structural / model error & biases; Data harmonization / mismatch
42f5f359f9b5,5,Thea H. Heimdal,2025,Ocean,An update of the LDEO fCO2-Residual method: algorithmic choices improve ocean carbon sink estimates,Algorithm sensitivity: standard MSE cross-validation hyperparameter selection can lead to substantial multi-year reconstruction biases at the beginning and end of long records.,Smoothing / loss of small-scale variance; Structural / model error & biases; Parameter calibration / tuning
43919dc711c4,5,Sudhanshu Kumar,2025,Land & hydrology,GC43E-0845 Leveraging Machine Learning and MCMC to Optimize Community Land Model Parameters for Accurate Gross Primary Productivity Estimates,High computational cost of running CLM simulations for systematic parameter calibration,Computational cost / scaling; Parameter calibration / tuning
43919dc711c4,5,Sudhanshu Kumar,2025,Land & hydrology,GC43E-0845 Leveraging Machine Learning and MCMC to Optimize Community Land Model Parameters for Accurate Gross Primary Productivity Estimates,Uncertainty in land carbon sink projections due to calibration of process-based models,Uncertainty quantification / ensembles; Parameter calibration / tuning
45164f241e60,5,Katie Dagon,2025,Land & hydrology,"Land Modeling with Machine Learning: Parameter Sensitivity, Calibration, and Hybrid Modeling",Large and poorly constrained parameter space (>200 parameters with complex interactions in CLM).,Parameter calibration / tuning
45164f241e60,5,Katie Dagon,2025,Land & hydrology,"Land Modeling with Machine Learning: Parameter Sensitivity, Calibration, and Hybrid Modeling",Plant functional type (PFT) specificity requiring separate parameter settings for each PFT.,Other
45164f241e60,5,Katie Dagon,2025,Land & hydrology,"Land Modeling with Machine Learning: Parameter Sensitivity, Calibration, and Hybrid Modeling",Substantial computational expense due to long carbon residence times and path dependence during spin-up/transient runs.,Computational cost / scaling
45164f241e60,5,Katie Dagon,2025,Land & hydrology,"Land Modeling with Machine Learning: Parameter Sensitivity, Calibration, and Hybrid Modeling",Spatial variation across diverse biomes requiring specialized clustering and history matching designs.,Other
46c045c7a54e,5,Gabriele Accarino,2026,Atmosphere,Wavelet Flow Matching for Multi-Scale Physics Emulation,Compounding errors and trajectory drift in long autoregressive rollouts of chaotic dynamics,Online stability / offline–online gap
46c045c7a54e,5,Gabriele Accarino,2026,Atmosphere,Wavelet Flow Matching for Multi-Scale Physics Emulation,Spectral over-smoothing in deterministic regression-based PDE surrogates,Smoothing / loss of small-scale variance
46c045c7a54e,5,Gabriele Accarino,2026,Atmosphere,Wavelet Flow Matching for Multi-Scale Physics Emulation,High inference computational cost and latency of generative diffusion and flow matching models operating directly in pixel space,Computational cost / scaling
46c045c7a54e,5,Gabriele Accarino,2026,Atmosphere,Wavelet Flow Matching for Multi-Scale Physics Emulation,Training overhead and reduced interpretability of separately pre-trained autoencoders for latent-space generative modeling,Interpretability / causality / equifinality
46c045c7a54e,5,Gabriele Accarino,2026,Atmosphere,Wavelet Flow Matching for Multi-Scale Physics Emulation,"Restriction of standard 2D discrete wavelet transforms to regular Cartesian grids, hindering immediate direct application to spherical geometry or complex domains",Other
48f5873212ef,5,Jared Joseph Donohue,2025,Atmosphere,Structured dataset of reported cloud seeding activities in the United States (2000–2025) using an LLM,"Scanned historical documents with inconsistent structure, low-resolution scans, and handwritten text",Scale mismatch / resolution / subgrid
48f5873212ef,5,Jared Joseph Donohue,2025,Atmosphere,Structured dataset of reported cloud seeding activities in the United States (2000–2025) using an LLM,Unstandardized reporting forms referring to external attachments or previous years' reports leaving form fields blank,Other
48f5873212ef,5,Jared Joseph Donohue,2025,Atmosphere,Structured dataset of reported cloud seeding activities in the United States (2000–2025) using an LLM,"Risk of LLM hallucination on numerical dates, locations, and descriptions requiring chain-of-thought prompt engineering and human validation",Numerics / boundaries / discretization
48f5873212ef,5,Jared Joseph Donohue,2025,Atmosphere,Structured dataset of reported cloud seeding activities in the United States (2000–2025) using an LLM,API costs and daily rate limits associated with OCR and LLM services,Software / model–ML integration
4ac6067043b2,5,Adam Nayak,2025,Atmosphere; Land & hydrology,Financial losses associated with US floods occur with frequent low-return-period precipitation,Subdaily and county-level spatial averaging smooths rainfall fields in localized damage-inducing events,Smoothing / loss of small-scale variance
4ac6067043b2,5,Adam Nayak,2025,Atmosphere; Land & hydrology,Financial losses associated with US floods occur with frequent low-return-period precipitation,"Discrepancies in multi-decadal trends between different precipitation reanalysis datasets (e.g., ERA5 vs. MSWEP)",Other
4ac6067043b2,5,Adam Nayak,2025,Atmosphere; Land & hydrology,Financial losses associated with US floods occur with frequent low-return-period precipitation,DBSCAN/ST-DBSCAN parameterization sensitivity and difficulty validating threshold parameters,Other
4ac6067043b2,5,Adam Nayak,2025,Atmosphere; Land & hydrology,Financial losses associated with US floods occur with frequent low-return-period precipitation,Human error and temporal reporting lags (up to 60 days) in FEMA claim and disaster declaration dates relative to physical precipitation events,Other
4dc1d86041a1,5,Li-Qing Jiang,2026,Ocean,Synthesis of data products for ocean carbonate chemistry,"Severe observational data sparsity in space and time, especially in coastal zones, polar regions, and the subsurface/deep ocean.",Sparse / limited observations
4dc1d86041a1,5,Li-Qing Jiang,2026,Ocean,Synthesis of data products for ocean carbonate chemistry,Methodological divergences among different machine learning mapping algorithms leading to high uncertainty in data-sparse regions.,Sparse / limited observations; Uncertainty quantification / ensembles
4dc1d86041a1,5,Li-Qing Jiang,2026,Ocean,Synthesis of data products for ocean carbonate chemistry,Lack of standardized secondary quality control across regional versus global data compilations.,Measurement noise / data quality
4dc1d86041a1,5,Li-Qing Jiang,2026,Ocean,Synthesis of data products for ocean carbonate chemistry,Differences in wind products and gas-transfer coefficient parameterizations leading to substantial discrepancies in computed air-sea CO2 fluxes.,Other
4e066ebddc28,5,Jerry Lin,2026,Atmosphere,"Crowdsourcing the Frontier: Advancing Hybrid Physics‐ML Climate Simulation via a $50,000 Kaggle Competition","Online instability and numerical crashes for certain architecture-configuration combinations (e.g., transformer-encoder models under expanded input lists)",Online stability / offline–online gap; Numerics / boundaries / discretization
4e066ebddc28,5,Jerry Lin,2026,Atmosphere,"Crowdsourcing the Frontier: Advancing Hybrid Physics‐ML Climate Simulation via a $50,000 Kaggle Competition",Disconnect between offline R2 improvements and prognostic online performance/stability,Online stability / offline–online gap
4e066ebddc28,5,Jerry Lin,2026,Atmosphere,"Crowdsourcing the Frontier: Advancing Hybrid Physics‐ML Climate Simulation via a $50,000 Kaggle Competition","Stubborn, shared systematic biases across all architectures (underprediction of tropical precipitable water and extreme precipitation; warm polar upper-level bias)",Extremes / tails / imbalance; Structural / model error & biases
4e066ebddc28,5,Jerry Lin,2026,Atmosphere,"Crowdsourcing the Frontier: Advancing Hybrid Physics‐ML Climate Simulation via a $50,000 Kaggle Competition",Significant inter-seed variability in online stability and drift requiring multi-seed ensembles,Online stability / offline–online gap
4e066ebddc28,5,Jerry Lin,2026,Atmosphere,"Crowdsourcing the Frontier: Advancing Hybrid Physics‐ML Climate Simulation via a $50,000 Kaggle Competition",GPU memory management issues (FTorch out-of-memory errors due to omitted torch_delete),Computational cost / scaling; Missing / simplified process representation
4e066ebddc28,5,Jerry Lin,2026,Atmosphere,"Crowdsourcing the Frontier: Advancing Hybrid Physics‐ML Climate Simulation via a $50,000 Kaggle Competition",High computational cost of full-scale online hybrid simulations and CRM data generation,Online stability / offline–online gap; Computational cost / scaling
4ff01187f117,5,Sarah Ryu,2025,Land & hydrology,Diagnosing Parametric Controls on CLM Ecohydrology Using Machine Learning Emulators,High computational cost of perturbed parameter ensemble simulations in Earth system models,Computational cost / scaling; Parameter calibration / tuning
4ff01187f117,5,Sarah Ryu,2025,Land & hydrology,Diagnosing Parametric Controls on CLM Ecohydrology Using Machine Learning Emulators,"Persistent structural model errors (e.g., tropical forests display persistent coupling biases insensitive to parameters due to limited plant functional types and poor representation of complex canopies)",Structural / model error & biases
4ff01187f117,5,Sarah Ryu,2025,Land & hydrology,Diagnosing Parametric Controls on CLM Ecohydrology Using Machine Learning Emulators,Divergent parameter sensitivity regimes across climate zones (plant traits dominate in warm/dry regimes while soil traits dominate in cold/wet regimes),Parameter calibration / tuning
542a4bcfeeb7,5,Girma Moges Mengistu,2026,Land & hydrology,Inter-Comparison of Deep Learning Models for Flood Forecasting in Ethiopia’s Upper Awash Basin,Underestimation of peak-flow magnitudes across all deep learning architectures due to MSE loss prioritizing average conditions over rare extremes,Extremes / tails / imbalance; Smoothing / loss of small-scale variance
542a4bcfeeb7,5,Girma Moges Mengistu,2026,Land & hydrology,Inter-Comparison of Deep Learning Models for Flood Forecasting in Ethiopia’s Upper Awash Basin,Generalization gap between validation and test datasets due to climate/interannual variability and unseen extremes,Generalization / out-of-distribution; Extremes / tails / imbalance
542a4bcfeeb7,5,Girma Moges Mengistu,2026,Land & hydrology,Inter-Comparison of Deep Learning Models for Flood Forecasting in Ethiopia’s Upper Awash Basin,Reduced performance during dry season / low-flow conditions where baseflow dynamics dominate over direct rainfall response,Other
542a4bcfeeb7,5,Girma Moges Mengistu,2026,Land & hydrology,Inter-Comparison of Deep Learning Models for Flood Forecasting in Ethiopia’s Upper Awash Basin,Absence of uncertainty quantification limiting operational early-warning deployment,Uncertainty quantification / ensembles
5b59e74827e4,5,Isabella Lu,2025,Land & hydrology; Cryosphere,Investigating Snowpack-Shrub Interactions in the Arctic Tundra using Machine Learning and Process Models,High computational cost of running process-based land models (CLM) across broad parameter spaces,Computational cost / scaling; Parameter calibration / tuning
5b59e74827e4,5,Isabella Lu,2025,Land & hydrology; Cryosphere,Investigating Snowpack-Shrub Interactions in the Arctic Tundra using Machine Learning and Process Models,"Process model structural bias: CLM failed to capture the positive snowpack-plant growth feedback observed in Arctic field ecosystems, instead exhibiting a negative feedback loop",Structural / model error & biases
5f8da0241680,5,Kachinga Silwimba,2025,Land & hydrology,"Efficient Emulation, Uncertainty Quantification, and Sensitivity Analysis for a Land Surface Model using Evidential Deep Learning","Extreme value compression: EDNN exhibits minor regression toward the mean, underpredicting extreme high positive LAI anomalies and damping extreme negative anomalies",Extremes / tails / imbalance
5f8da0241680,5,Kachinga Silwimba,2025,Land & hydrology,"Efficient Emulation, Uncertainty Quantification, and Sensitivity Analysis for a Land Surface Model using Evidential Deep Learning","Spring phenological transition error: Low true variance in spring LAI leads to lower explained variance (R^2 = 0.26) despite strong skill score (0.71), and onset timing error can spike by 2-4 months during anomalous springs",Predictability / initialization / skill
5f8da0241680,5,Kachinga Silwimba,2025,Land & hydrology,"Efficient Emulation, Uncertainty Quantification, and Sensitivity Analysis for a Land Surface Model using Evidential Deep Learning",Under-dispersion at distribution tails in the evidential predictive distribution as indicated by PIT histograms,Extremes / tails / imbalance
5f8da0241680,5,Kachinga Silwimba,2025,Land & hydrology,"Efficient Emulation, Uncertainty Quantification, and Sensitivity Analysis for a Land Surface Model using Evidential Deep Learning","High computational cost of running full LSM PPEs (such as CLM5) at scale, motivating surrogate emulation",Computational cost / scaling
5f8da0241680,5,Kachinga Silwimba,2025,Land & hydrology,"Efficient Emulation, Uncertainty Quantification, and Sensitivity Analysis for a Land Surface Model using Evidential Deep Learning","Structural model bias inheritance: The emulator cannot correct underlying CLM5 structural errors/missing processes (e.g., disturbance/fire)",Structural / model error & biases; Missing / simplified process representation
63349f954d04,5,Aya Lahlou,2026,Land & hydrology,Systematic LLM Translation of Legacy Scientific Code to Differentiable Frameworks: Application to a Land Surface Model,"Branch evaluation in JAX (jnp.where) evaluating both branches, generating NaN gradients (0 x inf) with division or fractional powers when x=0",Other
63349f954d04,5,Aya Lahlou,2026,Land & hydrology,Systematic LLM Translation of Legacy Scientific Code to Differentiable Frameworks: Application to a Land Surface Model,"Gradient explosion (|J|^N -> infinity) in iterative solvers (e.g., Obukhov length secant solver and stomatal conductance bisection) requiring implicit function theorem (IFT) adjoint reformulation",Software / model–ML integration; Numerics / boundaries / discretization
63349f954d04,5,Aya Lahlou,2026,Land & hydrology,Systematic LLM Translation of Legacy Scientific Code to Differentiable Frameworks: Application to a Land Surface Model,Tracing and compilation bottlenecks: dynamic closures triggering continuous XLA recompilations (approx. 290 s per call) and flat LLVM graph explosion on CPU vmap requiring GPU execution,Computational cost / scaling
63349f954d04,5,Aya Lahlou,2026,Land & hydrology,Systematic LLM Translation of Legacy Scientific Code to Differentiable Frameworks: Application to a Land Surface Model,"Autodiff tape silently broken by standard Python type casts (e.g., float()) and local variable bindings",Software / model–ML integration
63349f954d04,5,Aya Lahlou,2026,Land & hydrology,Systematic LLM Translation of Legacy Scientific Code to Differentiable Frameworks: Application to a Land Surface Model,Agentic laziness and lack of persistent cross-session state in long autonomous agent loops,Other
6716226ebe03,5,L. Zanna,2025,Ocean,A Framework for Hybrid Physics-AI Coupled Ocean Models,"Computational and memory bottlenecks during online CPU inference for deep CNN models, requiring GPU-based inference or knowledge distillation",Online stability / offline–online gap; Computational cost / scaling
6716226ebe03,5,L. Zanna,2025,Ocean,A Framework for Hybrid Physics-AI Coupled Ocean Models,Boundary artifacts and extrapolation errors near complex coastlines and land boundaries with fixed stencils,Generalization / out-of-distribution; Measurement noise / data quality; Numerics / boundaries / discretization
6716226ebe03,5,L. Zanna,2025,Ocean,A Framework for Hybrid Physics-AI Coupled Ocean Models,Lack of bitwise reproducibility unless specifically engineered in Fortran matrix multiplication modules,Software / model–ML integration
6716226ebe03,5,L. Zanna,2025,Ocean,A Framework for Hybrid Physics-AI Coupled Ocean Models,Generalization degradation when moving from forced ocean/ice setups to fully coupled atmosphere-ocean models due to atmospheric feedback triggering runaway convective/ice-albedo feedbacks,Generalization / out-of-distribution
6716226ebe03,5,L. Zanna,2025,Ocean,A Framework for Hybrid Physics-AI Coupled Ocean Models,Compensating model errors: improving physical parameterizations does not always reduce overall climate biases,Structural / model error & biases
67996bc53014,5,Matthieu Blanke,2026,Atmosphere; Ocean,Strictly Constrained Generative Modeling via Split Augmented Langevin Sampling,"Generative models lack guarantees on physical plausibility and strict conservation laws (mass, energy).",Physical consistency / conservation
67996bc53014,5,Matthieu Blanke,2026,Atmosphere; Ocean,Strictly Constrained Generative Modeling via Split Augmented Langevin Sampling,"Repeated projections in projected Langevin/diffusion dynamics cause chains to become trapped in local non-convex regions, hindering exploration.",Other
67996bc53014,5,Matthieu Blanke,2026,Atmosphere; Ocean,Strictly Constrained Generative Modeling via Split Augmented Langevin Sampling,Soft penalty guidance encourages constraint adherence on average but fails to enforce exact physical satisfaction.,Other
67996bc53014,5,Matthieu Blanke,2026,Atmosphere; Ocean,Strictly Constrained Generative Modeling via Split Augmented Langevin Sampling,"Enforcing physical constraints in latent diffusion models typically requires backpropagating or inverting the decoder, which is computationally expensive and numerically ill-conditioned.",Computational cost / scaling; Physical consistency / conservation; Ill-posed inverse problems / non-uniqueness; Numerics / boundaries / discretization
67996bc53014,5,Matthieu Blanke,2026,Atmosphere; Ocean,Strictly Constrained Generative Modeling via Split Augmented Langevin Sampling,Unconstrained autoregressive or generative data assimilation models drift away from the true physical trajectory over time.,Online stability / offline–online gap
6b20393c7409,5,N. Parazoo,2025,Atmosphere; Ocean; Land & hydrology,A U.S. Scientific Community Vision for Sustained Earth Observations of Greenhouse Gases to Support Local to Global Action,Observational and scale gap at 10–100 km and decadal time scales for resolving diffuse carbon fluxes and biomass changes,Scale mismatch / resolution / subgrid
6b20393c7409,5,N. Parazoo,2025,Atmosphere; Ocean; Land & hydrology,A U.S. Scientific Community Vision for Sustained Earth Observations of Greenhouse Gases to Support Local to Global Action,"Column-integrated satellite GHG observations integrate long-range horizontal and vertical transport, masking local surface boundary-layer signals",Predictability / initialization / skill; Numerics / boundaries / discretization
6b20393c7409,5,N. Parazoo,2025,Atmosphere; Ocean; Land & hydrology,A U.S. Scientific Community Vision for Sustained Earth Observations of Greenhouse Gases to Support Local to Global Action,Persistent cloud cover limiting optical/lidar remote sensing in the humid tropics,Other
6b20393c7409,5,N. Parazoo,2025,Atmosphere; Ocean; Land & hydrology,A U.S. Scientific Community Vision for Sustained Earth Observations of Greenhouse Gases to Support Local to Global Action,"SAR biomass saturation in dense, high-biomass forests",Other
6b20393c7409,5,N. Parazoo,2025,Atmosphere; Ocean; Land & hydrology,A U.S. Scientific Community Vision for Sustained Earth Observations of Greenhouse Gases to Support Local to Global Action,"Over-reliance on short-lived inquiry-driven research missions rather than sustained, low-latency operational observing systems",Other
6c6a9d06bf58,5,Prani Nalluri,2026,Ocean,Parameterizing the Impact of Subgrid-Scale Air-Sea Heat Fluxes in Climate Models,"Coarse-resolution climate models do not resolve mesoscale and submesoscale variability, causing systematic biases in bulk-formula air-sea turbulent heat fluxes",Structural / model error & biases; Scale mismatch / resolution / subgrid; Missing / simplified process representation
6c6a9d06bf58,5,Prani Nalluri,2026,Ocean,Parameterizing the Impact of Subgrid-Scale Air-Sea Heat Fluxes in Climate Models,Limited details available in conference abstract,Other
6f02cee5c651,5,Hugh Morrison,2025,Atmosphere,Impacts of Bulk Microphysics Scheme Structural Choices on Simulations of Rain Initiation Through Drop Coalescence,"Ill-posed DSD parameter inversion when gamma modes overlap or are empty, necessitating a custom moment-based loss function instead of direct parameter regression",Ill-posed inverse problems / non-uniqueness
6f02cee5c651,5,Hugh Morrison,2025,Atmosphere,Impacts of Bulk Microphysics Scheme Structural Choices on Simulations of Rain Initiation Through Drop Coalescence,Offline error metrics did not guarantee accurate inline time integration; fitted power law equations had low offline error but failed when integrated forward in time,Online stability / offline–online gap
6f02cee5c651,5,Hugh Morrison,2025,Atmosphere,Impacts of Bulk Microphysics Scheme Structural Choices on Simulations of Rain Initiation Through Drop Coalescence,Two-category schemes showed high sensitivity to the arbitrary threshold diameter (Dth) used to split cloud and rain droplets,Other
6f02cee5c651,5,Hugh Morrison,2025,Atmosphere,Impacts of Bulk Microphysics Scheme Structural Choices on Simulations of Rain Initiation Through Drop Coalescence,Direct ML tendency networks incurred higher computational inference cost than precomputed lookup tables,Computational cost / scaling
6ff16973fcd5,5,Racheet Matai,,Cryosphere,Testing machine-learned basal-friction relationships for ice-sheet modeling,In-distribution errors: predictor values overlap between glaciers but predicted friction and velocity responses are still incorrect,Other
6ff16973fcd5,5,Racheet Matai,,Cryosphere,Testing machine-learned basal-friction relationships for ice-sheet modeling,"Input variables from local point-wise observations do not uniquely determine basal friction (missing physics like subgrid roughness, hydrology proxies, sediment properties, and nonlocal stress balance)",Scale mismatch / resolution / subgrid; Missing / simplified process representation
6ff16973fcd5,5,Racheet Matai,,Cryosphere,Testing machine-learned basal-friction relationships for ice-sheet modeling,Lack of generalization across different glacier systems and flow regimes,Generalization / out-of-distribution
73f1128aadad,5,Addisu Semie,2024,Atmosphere,Improving Extreme Precipitation Representation with ML Based Warm Rain Microphysics in CAM6,Structural error within the model revealed during history matching,Structural / model error & biases
73f1128aadad,5,Addisu Semie,2024,Atmosphere,Improving Extreme Precipitation Representation with ML Based Warm Rain Microphysics in CAM6,Bin microphysics schemes are 30-300x too slow to run directly in Earth system models,Other
73f1128aadad,5,Addisu Semie,2024,Atmosphere,Improving Extreme Precipitation Representation with ML Based Warm Rain Microphysics in CAM6,Underestimation of extreme precipitation upper tails remains even with TAU-ML,Extremes / tails / imbalance
73f1128aadad,5,Addisu Semie,2024,Atmosphere,Improving Extreme Precipitation Representation with ML Based Warm Rain Microphysics in CAM6,"Strong parameter sensitivity and coupling interactions with deep convection schemes (e.g., Zhang-McFarlane parameter interactions)",Nonlinearity / high dimensionality; Parameter calibration / tuning
778b60ffcdee,5,Liran Peng,2025,Atmosphere,Resolving Low Cloud Feedbacks Globally With E3SM High-Res MMF: Agreement With LES but Stronger Shortwave Effects,High computational cost requiring GPU-accelerated supercomputing for multi-year CRM-resolving runs.,Computational cost / scaling
778b60ffcdee,5,Liran Peng,2025,Atmosphere,Resolving Low Cloud Feedbacks Globally With E3SM High-Res MMF: Agreement With LES but Stronger Shortwave Effects,Storage limitations restricted high-frequency output and required offline estimation of downward longwave radiation profiles at cloud top.,Online stability / offline–online gap; Data volume / access / storage
778b60ffcdee,5,Liran Peng,2025,Atmosphere,Resolving Low Cloud Feedbacks Globally With E3SM High-Res MMF: Agreement With LES but Stronger Shortwave Effects,2D CRM geometry and 200 m horizontal grid spacing do not fully resolve sharp inversion-scale entrainment compared to 3D fine-scale LES.,Predictability / initialization / skill
778b60ffcdee,5,Liran Peng,2025,Atmosphere,Resolving Low Cloud Feedbacks Globally With E3SM High-Res MMF: Agreement With LES but Stronger Shortwave Effects,"Historical MMF low cloud under-representation required extensive physical tuning of hyperviscosity, droplet sedimentation, and autoconversion thresholds.",Parameter calibration / tuning
778b60ffcdee,5,Liran Peng,2025,Atmosphere,Resolving Low Cloud Feedbacks Globally With E3SM High-Res MMF: Agreement With LES but Stronger Shortwave Effects,"Uniform SST +4 K warming omits SST pattern effects, interactive aerosols, and direct CO2 radiative forcing.",Generalization / out-of-distribution; Missing / simplified process representation
7887057fecea,5,Adam Nayak,2026,Land & hydrology,Attention‐Based Stochastic Simulation of Climate‐Informed Spatiotemporal Flood Risk for Multisite Insurance Portfolios,Data limitation: extreme value and heavy-tailed hydroclimate risk distributions require long records; pure deep learning architectures tend to overfit and fail on out-of-sample extremes without long historical observations.,Generalization / out-of-distribution; Extremes / tails / imbalance
7887057fecea,5,Adam Nayak,2026,Land & hydrology,Attention‐Based Stochastic Simulation of Climate‐Informed Spatiotemporal Flood Risk for Multisite Insurance Portfolios,Curse of dimensionality in nonparametric analog/kNN methods when scaling to multisite portfolios.,Computational cost / scaling; Nonlinearity / high dimensionality
7887057fecea,5,Adam Nayak,2026,Land & hydrology,Attention‐Based Stochastic Simulation of Climate‐Informed Spatiotemporal Flood Risk for Multisite Insurance Portfolios,Mismatch between subdecadal/interannual fiscal decision horizons (1-5 years) and traditional seasonal forecast (months) or GCM projection (multidecadal/centennial) scales.,Data harmonization / mismatch; Predictability / initialization / skill
78aa7b6cb614,5,Mohammad H. Erfani,2025,Atmosphere,Interactive Atmospheric Composition Emulation for Next-Generation Earth System Models,Memory and computational bottleneck loading numerous 2D and 3D ESM variables at high temporal resolution (30-min intervals).,Computational cost / scaling; Scale mismatch / resolution / subgrid
78aa7b6cb614,5,Mohammad H. Erfani,2025,Atmosphere,Interactive Atmospheric Composition Emulation for Next-Generation Earth System Models,Orders-of-magnitude decrease in aerosol concentrations with altitude causes global normalization strategies to bias loss functions towards lower atmospheric levels.,Structural / model error & biases
78aa7b6cb614,5,Mohammad H. Erfani,2025,Atmosphere,Interactive Atmospheric Composition Emulation for Next-Generation Earth System Models,"Autoregressive rollout errors in standard models, necessitating spatio-temporal architectures to handle long-range dependencies.",Other
78aa7b6cb614,5,Mohammad H. Erfani,2025,Atmosphere,Interactive Atmospheric Composition Emulation for Next-Generation Earth System Models,"Underestimation of extreme wildfire events not well represented in historical training data (e.g., extreme 2020/2021 wildfire seasons in the Western US).",Extremes / tails / imbalance
7d9f772790d0,5,Ellen H. Davenport,2026,Atmosphere,"JCM v1.0: A Differentiable, Intermediate-Complexity Atmospheric Model",Absence of gradients and complexity of legacy Fortran code hinder the development and validation of hybrid physics-ML models and parameter tuning.,Software / model–ML integration; Parameter calibration / tuning
7d9f772790d0,5,Ellen H. Davenport,2026,Atmosphere,"JCM v1.0: A Differentiable, Intermediate-Complexity Atmospheric Model",Offline training of ML parameterizations often leads to instabilities and climate drift when coupled online to dynamical cores.,Online stability / offline–online gap
7d9f772790d0,5,Ellen H. Davenport,2026,Atmosphere,"JCM v1.0: A Differentiable, Intermediate-Complexity Atmospheric Model",Traditional Fortran climate models are costly and difficult to port to modern hardware accelerators (GPUs/TPUs).,Computational cost / scaling; Software / model–ML integration
7d9f772790d0,5,Ellen H. Davenport,2026,Atmosphere,"JCM v1.0: A Differentiable, Intermediate-Complexity Atmospheric Model","Existing testbeds are either too simplified (e.g., Lorenz 96) or lack process-based physical parameterization schemes required for mechanistic understanding (e.g., NeuralGCM).",Missing / simplified process representation
830d30232ab2,5,Joseph Ko,2026,Atmosphere,Constraining Errors in Ice Microphysics Schemes with Perturbed Ensembles,"Difficulty comparing single-column model output against real-world observations (e.g., radar reflectivity, ice water content, precipitation rate)",Other
830d30232ab2,5,Joseph Ko,2026,Atmosphere,Constraining Errors in Ice Microphysics Schemes with Perturbed Ensembles,Structural uncertainty (Unified Ice ON vs. OFF) complicates parametric uncertainty quantification,Uncertainty quantification / ensembles; Structural / model error & biases
830d30232ab2,5,Joseph Ko,2026,Atmosphere,Constraining Errors in Ice Microphysics Schemes with Perturbed Ensembles,Constructing informative low-dimensional latent summary metrics from multi-dimensional time series,Other
83de885b0808,5,Shengjie Liu,2025,Land & hydrology,The opportunity cost of 2023 Canadian wildfires,Lack of detailed data specifications or algorithm description in the conference abstract,Other
83fdefd50e14,5,David Lawrence,2024,Atmosphere; Ocean; Land & hydrology; Cryosphere,State of the CESM,Old and new model biases when introducing new dycores/components,Structural / model error & biases
83fdefd50e14,5,David Lawrence,2024,Atmosphere; Ocean; Land & hydrology; Cryosphere,State of the CESM,"Pathological behaviors (e.g., Labrador Sea freezing issue)",Other
83fdefd50e14,5,David Lawrence,2024,Atmosphere; Ocean; Land & hydrology; Cryosphere,State of the CESM,Tuning tradeoffs and high computational cost of full coupled spin-up,Computational cost / scaling; Parameter calibration / tuning
83fdefd50e14,5,David Lawrence,2024,Atmosphere; Ocean; Land & hydrology; Cryosphere,State of the CESM,Gains achieved through uncoupled PPEs and emulators are typically lost when coupled in the host model,Online stability / offline–online gap
83fdefd50e14,5,David Lawrence,2024,Atmosphere; Ocean; Land & hydrology; Cryosphere,State of the CESM,Stability of coupled ML emulators over decadal-to-centennial rollouts,Other
85aa424ae459,5,Duncan Watson-Parris,2026,Atmosphere,"Gradients, benchmarks, and agents: a new toolkit for an old uncertainty",High computational expense of perturbed parameter ensembles (PPEs) and emulation for coupled Earth system models,Computational cost / scaling; Parameter calibration / tuning
85aa424ae459,5,Duncan Watson-Parris,2026,Atmosphere,"Gradients, benchmarks, and agents: a new toolkit for an old uncertainty",Loss landscape ruggedness/local minima in chaotic fluid dynamics when optimizing model parameters over long trajectories,Other
85aa424ae459,5,Duncan Watson-Parris,2026,Atmosphere,"Gradients, benchmarks, and agents: a new toolkit for an old uncertainty",Converting legacy Fortran climate modeling code to modern differentiable frameworks,Software / model–ML integration
9571bcf512aa,5,Tim H. J. Hermans,2026,Ocean,Future Changes in the Annual Sea‐Level Cycle,"Coarse GCM resolution prevents resolving coastal geometry, bottom topography, tides, and river discharge dynamics driving coastal sea-level cycles.",Scale mismatch / resolution / subgrid
9571bcf512aa,5,Tim H. J. Hermans,2026,Ocean,Future Changes in the Annual Sea‐Level Cycle,Substantial projection uncertainty resulting from internal climate variability and inter-model spread.,Uncertainty quantification / ensembles
9571bcf512aa,5,Tim H. J. Hermans,2026,Ocean,Future Changes in the Annual Sea‐Level Cycle,Four CMIP6 models exhibited particularly poor performance simulating the historical annual cycle and had to be excluded.,Missing / simplified process representation
964cd1a50705,5,Juan Nathaniel,2025,Atmosphere; Ocean,Deep Koopman operators for causal discovery,"Nonlinear causal inference typically valid only locally along trajectories, failing to generalize globally.",Online stability / offline–online gap; Generalization / out-of-distribution; Interpretability / causality / equifinality; Nonlinearity / high dimensionality
964cd1a50705,5,Juan Nathaniel,2025,Atmosphere; Ocean,Deep Koopman operators for causal discovery,"Nonlinearities, feedback loops, nonstationarity, and multiscale interactions break classical Granger causality assumptions.",Online stability / offline–online gap; Interpretability / causality / equifinality; Nonlinearity / high dimensionality; Missing / simplified process representation
964cd1a50705,5,Juan Nathaniel,2025,Atmosphere; Ocean,Deep Koopman operators for causal discovery,"High dimensionality limits classical constraint-based and statistical causal discovery methods (e.g., PCMCI+, VARLiNGAM).",Interpretability / causality / equifinality; Nonlinearity / high dimensionality
964cd1a50705,5,Juan Nathaniel,2025,Atmosphere; Ocean,Deep Koopman operators for causal discovery,Prescribed dictionary functions (like Random Fourier Features) struggle to capture complex nonlinear dynamics without deep neural network feature learning.,Online stability / offline–online gap; Nonlinearity / high dimensionality
964cd1a50705,5,Juan Nathaniel,2025,Atmosphere; Ocean,Deep Koopman operators for causal discovery,Sensitivity of deep Koopman learning to hyperparameter choices and risk of error magnification in marginal vs joint DMD models.,Parameter calibration / tuning
97248a2622a0,5,Marco Tedesco,2026,Atmosphere; Cryosphere,The Modèle Atmosphérique Régional – Intelligence Artificielle (MAR-IA): surface meltwater over Greenland,"Multicollinearity among surface energy balance predictors (e.g., surface/skin temperature and 2 m air temperature) which obscures feature attribution.",Physical consistency / conservation; Interpretability / causality / equifinality
97248a2622a0,5,Marco Tedesco,2026,Atmosphere; Cryosphere,The Modèle Atmosphérique Régional – Intelligence Artificielle (MAR-IA): surface meltwater over Greenland,"Physical saturation effects (skin temperature saturating at 0 °C during melt periods, or albedo saturating at low values during prolonged ablation), limiting predictor sensitivity.",Other
97248a2622a0,5,Marco Tedesco,2026,Atmosphere; Cryosphere,The Modèle Atmosphérique Régional – Intelligence Artificielle (MAR-IA): surface meltwater over Greenland,Poor representation / lack of spatial variability of albedo in global reanalysis datasets (ERA5) severely degrading emulator performance when MAR albedo is unavailable.,Data volume / access / storage
97248a2622a0,5,Marco Tedesco,2026,Atmosphere; Cryosphere,The Modèle Atmosphérique Régional – Intelligence Artificielle (MAR-IA): surface meltwater over Greenland,"High computational overhead of SHAP (Shapley value) feature attribution over large spatiotemporal datasets, necessitating subsampling.",Interpretability / causality / equifinality
9a0484dcafbe,5,J. Ko,2025,Atmosphere,A Machine Learning Framework for Predicting Microphysical Properties of Ice Crystals From Cloud Particle Imagery,Ground truth 3D microphysical properties for in-situ cloud particle imager (CPI) observations are unavailable.,Data volume / access / storage
9a0484dcafbe,5,J. Ko,2025,Atmosphere,A Machine Learning Framework for Predicting Microphysical Properties of Ice Crystals From Cloud Particle Imagery,"Real CPI images feature noise, out-of-focus artifacts, and optical resolution limits, while synthetic training data are idealized binary projections.",Scale mismatch / resolution / subgrid; Measurement noise / data quality; Missing / simplified process representation
9a0484dcafbe,5,J. Ko,2025,Atmosphere,A Machine Learning Framework for Predicting Microphysical Properties of Ice Crystals From Cloud Particle Imagery,Idealized 3D models omit complex physical features such as hollowing of bullet arms and crystal surface irregularities.,Missing / simplified process representation
9a0484dcafbe,5,J. Ko,2025,Atmosphere,A Machine Learning Framework for Predicting Microphysical Properties of Ice Crystals From Cloud Particle Imagery,Restricted to bullet rosette habit; multi-habit support requires broader synthetic generation and observational constraints.,Other
9ccce3cf53db,5,Vipin Kumar,2025,Land & hydrology,DeepCarbon: A Global Data Product of Upscaled Carbon Fluxes from Knowledge-Guided Deep Learning Models,Spatial sparsity and uncertainty in in-situ eddy covariance observations,Sparse / limited observations; Uncertainty quantification / ensembles
9ccce3cf53db,5,Vipin Kumar,2025,Land & hydrology,DeepCarbon: A Global Data Product of Upscaled Carbon Fluxes from Knowledge-Guided Deep Learning Models,Generalization challenges in under-observed regions such as the tropics and high latitudes,Generalization / out-of-distribution
9cd496de67bd,5,Katherine Dagon,2026,Atmosphere; Land & hydrology,Investigating Western North America Atmospheric Rivers with Machine Learning-Based Detection,"Spatial resolution mismatch: CGNet performance degrades significantly if input data (e.g., MERRA-2 at 0.5°) is not regridded to the training resolution (0.25°).",Scale mismatch / resolution / subgrid; Data harmonization / mismatch
9cd496de67bd,5,Katherine Dagon,2026,Atmosphere; Land & hydrology,Investigating Western North America Atmospheric Rivers with Machine Learning-Based Detection,Sensitivity to input normalization under climate change: using historical vs. future warming normalization parameters shifts detected AR frequency by >15% due to mean-state moisture increases.,Other
9cd496de67bd,5,Katherine Dagon,2026,Atmosphere; Land & hydrology,Investigating Western North America Atmospheric Rivers with Machine Learning-Based Detection,"Data availability and missing diagnostics: high-frequency (3-hourly) total precipitable water (TMQ) was not standard in historical/future CESM runs, necessitating estimation from PS and Q, or temporal interpolation from 6-hourly data.",Other
9cd496de67bd,5,Katherine Dagon,2026,Atmosphere; Land & hydrology,Investigating Western North America Atmospheric Rivers with Machine Learning-Based Detection,Severe class imbalance: the overwhelming dominance of the background class over ARs and TCs complicates training and depresses mean IoU.,Extremes / tails / imbalance
9cd496de67bd,5,Katherine Dagon,2026,Atmosphere; Land & hydrology,Investigating Western North America Atmospheric Rivers with Machine Learning-Based Detection,"Limited expert-labeled training samples: only 459 labeled images spanning 219 time steps were available from ClimateNet, limiting the diversity of synoptic states sampled.",Measurement noise / data quality; Numerics / boundaries / discretization
a12f3a624a8f,5,Galen A. McKinley,2026,Atmosphere; Ocean; Land & hydrology,Global carbon budget rebalanced,Large statistical uncertainties in source and sink flux estimates limit the direct policy utility of the Global Carbon Budget for short-term mitigation tracking,Uncertainty quantification / ensembles
a12f3a624a8f,5,Galen A. McKinley,2026,Atmosphere; Ocean; Land & hydrology,Global carbon budget rebalanced,Observational coverage of carbon in the ocean has declined over the past decade,Sparse / limited observations
a12f3a624a8f,5,Galen A. McKinley,2026,Atmosphere; Ocean; Land & hydrology,Global carbon budget rebalanced,Key satellite remote-sensing platforms tracking atmospheric CO2 may soon go offline,Online stability / offline–online gap; Sparse / limited observations
a12f3a624a8f,5,Galen A. McKinley,2026,Atmosphere; Ocean; Land & hydrology,Global carbon budget rebalanced,Need to scale from voluntary scientific research assessments to sustained operational monitoring infrastructure,Software / model–ML integration
a185a58af4a1,5,Kara D. Lamb,2026,Atmosphere,Perspectives on Systematic Cloud Microphysics Scheme Development With Machine Learning,Lack of first-principles governing equations for cloud microphysics creates both structural and parametric uncertainty.,Uncertainty quantification / ensembles
a185a58af4a1,5,Kara D. Lamb,2026,Atmosphere,Perspectives on Systematic Cloud Microphysics Scheme Development With Machine Learning,Observations (satellites and in situ) generally capture instantaneous states rather than microphysical process rates directly.,Other
a185a58af4a1,5,Kara D. Lamb,2026,Atmosphere,Perspectives on Systematic Cloud Microphysics Scheme Development With Machine Learning,Equifinality in top-down constraints where multiple parameter combinations match macroscopic emergent observables.,Interpretability / causality / equifinality
a185a58af4a1,5,Kara D. Lamb,2026,Atmosphere,Perspectives on Systematic Cloud Microphysics Scheme Development With Machine Learning,Offline training of ML parameterizations often fails or becomes unstable when coupled online due to multi-timestep compounding errors and forward Euler assumptions.,Online stability / offline–online gap; Missing / simplified process representation; Numerics / boundaries / discretization
a185a58af4a1,5,Kara D. Lamb,2026,Atmosphere,Perspectives on Systematic Cloud Microphysics Scheme Development With Machine Learning,"Discontinuity and numerical limiters (e.g., minimum/maximum thresholds) in traditional schemes are difficult for continuous ML models to capture.",Numerics / boundaries / discretization
a185a58af4a1,5,Kara D. Lamb,2026,Atmosphere,Perspectives on Systematic Cloud Microphysics Scheme Development With Machine Learning,Scale dependence and spatiotemporal resolution mismatches between microphysical interactions (< 1 km) and coarse ESM grid boxes (~50-100 km).,Scale mismatch / resolution / subgrid; Data harmonization / mismatch
a185a58af4a1,5,Kara D. Lamb,2026,Atmosphere,Perspectives on Systematic Cloud Microphysics Scheme Development With Machine Learning,Code and hardware portability issues between Fortran-based CPU ESMs and Python/GPU deep learning libraries.,Computational cost / scaling; Software / model–ML integration
a2ad0e30a088,5,Mohammad H. Erfani,2026,Atmosphere,Spatiotemporal Machine Learning Approaches for Atmospheric Composition Emulation in NASA GISS ModelE,Autoregressive models (SFNO) suffer from rapid error compounding and divergence without frequent ground-truth re-initialization or physics-based mass/spectral constraints.,Smoothing / loss of small-scale variance; Predictability / initialization / skill
a2ad0e30a088,5,Mohammad H. Erfani,2026,Atmosphere,Spatiotemporal Machine Learning Approaches for Atmospheric Composition Emulation in NASA GISS ModelE,"Emulators struggle to capture extreme high-concentration events due to dynamic range spanning orders of magnitude, with loss functions biased toward moderate values and zeroing out low values.",Extremes / tails / imbalance; Structural / model error & biases
a2ad0e30a088,5,Mohammad H. Erfani,2026,Atmosphere,Spatiotemporal Machine Learning Approaches for Atmospheric Composition Emulation in NASA GISS ModelE,Generalization across decadal climate shifts is impaired when normalization parameters from a single historical year (1950) are applied to periods with shifted emission baselines (2010).,Generalization / out-of-distribution
a2ad0e30a088,5,Mohammad H. Erfani,2026,Atmosphere,Spatiotemporal Machine Learning Approaches for Atmospheric Composition Emulation in NASA GISS ModelE,Offline emulation is currently confined to surface pressure level; vertical mixing and 3D structure must be added before full online coupling into ModelE's radiative and cloud schemes is possible.,Online stability / offline–online gap
a3f77201a4b0,5,Juan Nathaniel,2026,Atmosphere,Generative emulation of chaotic dynamics with coherent prior,Long-range autoregressive skill decay and error accumulation leading to unphysical drift in chaotic dynamical systems,Online stability / offline–online gap; Physical consistency / conservation; Predictability / initialization / skill
a3f77201a4b0,5,Juan Nathaniel,2026,Atmosphere,Generative emulation of chaotic dynamics with coherent prior,Blurring and oversmoothing from double penalty conundrum in deterministic deep learning weather prediction models over long lead times,Smoothing / loss of small-scale variance; Predictability / initialization / skill
a3f77201a4b0,5,Juan Nathaniel,2026,Atmosphere,Generative emulation of chaotic dynamics with coherent prior,Prohibitive computational expense of autoregressive diffusion models requiring iterative multi-step denoising at every timestep,Computational cost / scaling; Numerics / boundaries / discretization
a3f77201a4b0,5,Juan Nathaniel,2026,Atmosphere,Generative emulation of chaotic dynamics with coherent prior,High-dimensional neural operators suffer from severe numerical instability on long rollouts,Online stability / offline–online gap; Nonlinearity / high dimensionality; Numerics / boundaries / discretization
a3f77201a4b0,5,Juan Nathaniel,2026,Atmosphere,Generative emulation of chaotic dynamics with coherent prior,"Difficulty generating stable, physically consistent simulations from incomplete, noisy, or partially observed priors",Physical consistency / conservation; Measurement noise / data quality
a7a033624df2,5,Duncan Watson-Parris,2025,Atmosphere; Ocean; Land & hydrology,ClimateBench2.0: Probabilistic Climate Model Scoring,"ESMs and climate emulators are difficult to compare in a rigorous, transparent, quantitative way",Other
a7a033624df2,5,Duncan Watson-Parris,2025,Atmosphere; Ocean; Land & hydrology,ClimateBench2.0: Probabilistic Climate Model Scoring,Most existing evaluations focus on specific individual processes or qualitative assessments rather than outcome predictive skill,Predictability / initialization / skill
a7a033624df2,5,Duncan Watson-Parris,2025,Atmosphere; Ocean; Land & hydrology,ClimateBench2.0: Probabilistic Climate Model Scoring,"Ensuring physical consistency (energy balance, conservation of water and carbon) during out-of-distribution predictions under strong forcings",Generalization / out-of-distribution; Physical consistency / conservation
aa27e37a9374,5,Adam Nayak,2026,Land & hydrology,FEMA phase-out? Catastrophic extremes challenge decentralization of US flood insurance,Full Risk Rating 2.0 premium datasets require a Freedom of Information Act (FOIA) request rather than being openly downloadable.,Data volume / access / storage
aa27e37a9374,5,Adam Nayak,2026,Land & hydrology,FEMA phase-out? Catastrophic extremes challenge decentralization of US flood insurance,"Claims records are limited by the historical statutory $350k coverage cap and represent only insured properties, underestimating total physical flood damages.",Sparse / limited observations
aa27e37a9374,5,Adam Nayak,2026,Land & hydrology,FEMA phase-out? Catastrophic extremes challenge decentralization of US flood insurance,Nonstationarity under climate change is not directly modeled as the simulation resamples from historical empirical claim data.,Other
ac432f3da31a,5,Duncan Watson-Parris,2025,Atmosphere,From Regulation to Radiative Forcing: Constraining the Climate Response to Declining Shipping Aerosol Emissions,"Conference abstract only, giving limited technical specifications on data availability, resolution, or exact ML architectures.",Scale mismatch / resolution / subgrid
ac432f3da31a,5,Duncan Watson-Parris,2025,Atmosphere,From Regulation to Radiative Forcing: Constraining the Climate Response to Declining Shipping Aerosol Emissions,Nonlinear cloud responses complicate direct estimation of aerosol radiative forcing from emissions changes alone.,Online stability / offline–online gap; Nonlinearity / high dimensionality
ac665f32a008,5,Da Fan,2026,Atmosphere,Bayesian Deep Learning for Convective Initiation Nowcasting Uncertainty Estimation,Bayesian neural networks (BNNs) require optimizing twice as many weights as deterministic networks and struggle to converge to optimal solutions without informed priors like MOPED.,Other
ac665f32a008,5,Da Fan,2026,Atmosphere,Bayesian Deep Learning for Convective Initiation Nowcasting Uncertainty Estimation,Undersampling the majority non-CI class to balance data caused degraded generalization in underrepresented regimes such as broad clear-sky and anvil cloud regions.,Generalization / out-of-distribution; Sparse / limited observations
ac665f32a008,5,Da Fan,2026,Atmosphere,Bayesian Deep Learning for Convective Initiation Nowcasting Uncertainty Estimation,"Satellite and radar observations cannot resolve subkilometer scale processes (<1 km) critical for CI, including small cumulus clouds and fine differential topography.",Missing / simplified process representation
ac665f32a008,5,Da Fan,2026,Atmosphere,Bayesian Deep Learning for Convective Initiation Nowcasting Uncertainty Estimation,Models exhibit significantly lower skill during nighttime/early morning hours due to inherent challenges in forecasting nocturnal convection.,Predictability / initialization / skill
b06f80e974c0,5,Manuel O. Gutierrez-Villanueva,2024,Ocean,An improved methodology to estimate cross-scale kinetic energy transfers from third-order structure functions using regularized least-squares,"Standard ordinary least squares overfits data and produces non-physical, highly oscillatory energy injection rates",Physical consistency / conservation
b06f80e974c0,5,Manuel O. Gutierrez-Villanueva,2024,Ocean,An improved methodology to estimate cross-scale kinetic energy transfers from third-order structure functions using regularized least-squares,Non-negative least squares (NNLS) cannot diagnose negative energy injections or energy sinks/convergence,Other
b06f80e974c0,5,Manuel O. Gutierrez-Villanueva,2024,Ocean,An improved methodology to estimate cross-scale kinetic energy transfers from third-order structure functions using regularized least-squares,"Observational drifter data are sparse, non-uniformly sampled, and prone to clustering in convergence zones, generating highly non-Gaussian error distributions",Online stability / offline–online gap; Sparse / limited observations
b06f80e974c0,5,Manuel O. Gutierrez-Villanueva,2024,Ocean,An improved methodology to estimate cross-scale kinetic energy transfers from third-order structure functions using regularized least-squares,"Spatio-temporal correlation between drifter pair observations invalidates simple independent bootstrapping, requiring moving-block bootstrap techniques to avoid severe uncertainty underestimation",Online stability / offline–online gap; Uncertainty quantification / ensembles
b0ae81292189,5,Kara D. Lamb,2026,Atmosphere,Inferring Microphysical Process Rates from in Situ Observations Using Physics-Informed Machine Learning (Invited Presentation),"In situ atmospheric measurements from aircraft and ground-based instruments typically provide only static snapshots of cloud particle size distributions or ice crystal morphology at single points in space and time, making it challenging to infer dynamical microphysical process rates.",Other
b0ae81292189,5,Kara D. Lamb,2026,Atmosphere,Inferring Microphysical Process Rates from in Situ Observations Using Physics-Informed Machine Learning (Invited Presentation),Traditional inverse modeling methods struggle to reconstruct microphysical tendencies such as collision-coalescence and depositional ice growth.,Ill-posed inverse problems / non-uniqueness
b2c4df5ecad8,5,Aya Lahlou,2025,Land & hydrology,Integrating Transformer-Based Land Surface Phenology into the Community Land Model for Climate-Responsive Vegetation Dynamics,"Threshold-based phenology schemes in CLM fail to capture interannual variability, climate extremes, and ecological memory/legacy effects",Computational cost / scaling; Extremes / tails / imbalance; Software / model–ML integration
b2c4df5ecad8,5,Aya Lahlou,2025,Land & hydrology,Integrating Transformer-Based Land Surface Phenology into the Community Land Model for Climate-Responsive Vegetation Dynamics,Coupling ML models in Fortran Earth system models (addressed here using FTorch for real-time inference in CLM5),Software / model–ML integration
b4f14499f277,5,N.C. Parazoo,2026,Ocean; Land & hydrology,A U.S. scientific community review of carbon cycle science gaps and opportunities to better support earth system science and carbon management,"Observational data droughts in tropical, Arctic, and Southern Ocean regions due to cloud cover, seasonal darkness, and sparse in-situ infrastructure",Sparse / limited observations; Software / model–ML integration
b4f14499f277,5,N.C. Parazoo,2026,Ocean; Land & hydrology,A U.S. scientific community review of carbon cycle science gaps and opportunities to better support earth system science and carbon management,Discrepancies between top-down atmospheric inverse flux estimates and bottom-up national greenhouse gas inventories or terrestrial biosphere models,Other
b4f14499f277,5,N.C. Parazoo,2026,Ocean; Land & hydrology,A U.S. scientific community review of carbon cycle science gaps and opportunities to better support earth system science and carbon management,High computational cost limiting uncertainty quantification in high-resolution atmospheric transport inversions,Computational cost / scaling; Uncertainty quantification / ensembles; Scale mismatch / resolution / subgrid
b4f14499f277,5,N.C. Parazoo,2026,Ocean; Land & hydrology,A U.S. scientific community review of carbon cycle science gaps and opportunities to better support earth system science and carbon management,Signal saturation of radar backscatter in high-biomass forests and spatial sampling gaps of spaceborne lidar altimetry,Other
b4f14499f277,5,N.C. Parazoo,2026,Ocean; Land & hydrology,A U.S. scientific community review of carbon cycle science gaps and opportunities to better support earth system science and carbon management,Sub-national fossil fuel CO2 emissions are highly uncertain due to disaggregation assumptions and risk aliasing into natural flux estimates,Missing / simplified process representation
b4f14499f277,5,N.C. Parazoo,2026,Ocean; Land & hydrology,A U.S. scientific community review of carbon cycle science gaps and opportunities to better support earth system science and carbon management,Lack of long-term operational continuity guarantees for research-focused satellite missions observing greenhouse gases and biomass,Other
b65cac097878,5,Savannah L. Ferretti,2026,Land & hydrology,Data-driven integration kernels for interpretable nonlocal operator learning,"Nonlocal ML models typically encode spatial/vertical/temporal dependencies implicitly in large parameter sets, hindering interpretability and risking overfitting as nonlocal context expands.",Interpretability / causality / equifinality
b65cac097878,5,Savannah L. Ferretti,2026,Land & hydrology,Data-driven integration kernels for interpretable nonlocal operator learning,Post-hoc explainability methods (XAI) yield sample-dependent attributions that compound uncertainty and can be hard to interpret physically.,Uncertainty quantification / ensembles; Interpretability / causality / equifinality
b65cac097878,5,Savannah L. Ferretti,2026,Land & hydrology,Data-driven integration kernels for interpretable nonlocal operator learning,Strong inter-variable correlations in atmospheric data can cause unconstrained/nonparametric kernels to be underdetermined.,Other
b890bad8646f,5,Ahmed Jaber,2026,Climate system / methods (general),AutoClimDS: Climate Data Science Agentic AI – A Knowledge Graph is All You Need,"Fragmented climate data sources, heterogeneous file formats (CSV, NetCDF, HDF, JSON), and steep technical expertise requirements",Data harmonization / mismatch
b890bad8646f,5,Ahmed Jaber,2026,Climate system / methods (general),AutoClimDS: Climate Data Science Agentic AI – A Knowledge Graph is All You Need,Keyword search requiring researchers to know specific dataset and variable names,Other
b890bad8646f,5,Ahmed Jaber,2026,Climate system / methods (general),AutoClimDS: Climate Data Science Agentic AI – A Knowledge Graph is All You Need,"General-purpose LLMs hallucinate dataset names, fail to locate authoritative sources, and cannot construct valid programmatic retrieval workflows on their own",Software / model–ML integration
b890bad8646f,5,Ahmed Jaber,2026,Climate system / methods (general),AutoClimDS: Climate Data Science Agentic AI – A Knowledge Graph is All You Need,"Authentication requirements, API rate limits, and intermittent endpoint availability that disrupt fully autonomous workflows",Software / model–ML integration
b9f244519383,5,Giorgia Nicolaou,2026,Atmosphere,Inferring Thermodynamic Histories from In Situ Ice Crystal Imagery via Conditional Diffusion Models,Lack of temporal continuity in aircraft observations: aircraft probes capture only instantaneous snapshots rather than tracking parcel evolution over hours and vertical displacements.,Sparse / limited observations
b9f244519383,5,Giorgia Nicolaou,2026,Atmosphere,Inferring Thermodynamic Histories from In Situ Ice Crystal Imagery via Conditional Diffusion Models,"Severe class imbalance in observation imagery: ~69% of the dataset consists of compact irregular crystals, leaving pristine habits and complex aggregates underrepresented.",Extremes / tails / imbalance
b9f244519383,5,Giorgia Nicolaou,2026,Atmosphere,Inferring Thermodynamic Histories from In Situ Ice Crystal Imagery via Conditional Diffusion Models,Non-uniqueness of the inverse mapping: diverse thermodynamic histories can yield similar terminal crystal morphology.,Ill-posed inverse problems / non-uniqueness
b9f244519383,5,Giorgia Nicolaou,2026,Atmosphere,Inferring Thermodynamic Histories from In Situ Ice Crystal Imagery via Conditional Diffusion Models,"Meteorological simulation error: back-trajectories depend on mesoscale WRF-HYSPLIT simulations; WRF moisture fields are harder to resolve accurately than temperature/pressure, and assumed saturation adjustment precludes direct inference of nucleation timing.",Missing / simplified process representation
b9f244519383,5,Giorgia Nicolaou,2026,Atmosphere,Inferring Thermodynamic Histories from In Situ Ice Crystal Imagery via Conditional Diffusion Models,"VAE dimensionality trade-off: image resizing in VAE preprocessing strips scale information, requiring concatenation of explicit 2D morphological geometric descriptors.",Nonlinearity / high dimensionality
bae3097cae52,5,Da Fan,2025,Atmosphere,Bayesian Deep Learning for Convective Initiation Nowcasting Uncertainty Estimation,Bayesian neural networks (BNNs) require optimizing more parameters and struggle to converge to optimal solutions compared to deterministic models.,Other
bae3097cae52,5,Da Fan,2025,Atmosphere,Bayesian Deep Learning for Convective Initiation Nowcasting Uncertainty Estimation,BNNs trained with random priors showed degradation at longer lead times (30 and 60 minutes) without task-specific hyperparameter tuning.,Predictability / initialization / skill; Parameter calibration / tuning
bae3097cae52,5,Da Fan,2025,Atmosphere,Bayesian Deep Learning for Convective Initiation Nowcasting Uncertainty Estimation,Deep ensembles (initial-weights ensembles) showed poorer spatial generalization over clear-sky non-CI regions and anvil cloud regions without convective initiation.,Generalization / out-of-distribution
bae3097cae52,5,Da Fan,2025,Atmosphere,Bayesian Deep Learning for Convective Initiation Nowcasting Uncertainty Estimation,Diurnal variability in performance: nocturnal convection (around midnight) remains challenging to predict.,Other
bd2e6ef762ef,5,Francesco Immorlano,2025,Atmosphere,Towards Unified Diffusion Models for Multi-Model Climate Emulation at Scale,Simulates only a single atmospheric variable (surface temperature),Other
bd2e6ef762ef,5,Francesco Immorlano,2025,Atmosphere,Towards Unified Diffusion Models for Multi-Model Climate Emulation at Scale,"Relatively coarse spatial resolution (~250 km, 64x128 grid) missing sub-grid topography and extremes",Extremes / tails / imbalance; Scale mismatch / resolution / subgrid
bd2e6ef762ef,5,Francesco Immorlano,2025,Atmosphere,Towards Unified Diffusion Models for Multi-Model Climate Emulation at Scale,Generates independent daily snapshots without explicitly modeling temporal autocorrelation between consecutive days,Other
bd2e6ef762ef,5,Francesco Immorlano,2025,Atmosphere,Towards Unified Diffusion Models for Multi-Model Climate Emulation at Scale,High computational cost of original multi-model CMIP6 climate ensembles,Computational cost / scaling
bec8e33adb6f,5,Gabriele Accarino,2025,Atmosphere,WaveSim: A Wavelet-based Multi-scale Similarity Metric for Weather and Climate Fields,"Traditional point-wise error metrics (e.g., MSE) cause the 'double penalty' effect for intermittent/sparse fields like precipitation and fail to attribute errors to physical spatial scales.",Sparse / limited observations; Smoothing / loss of small-scale variance
bec8e33adb6f,5,Gabriele Accarino,2025,Atmosphere,WaveSim: A Wavelet-based Multi-scale Similarity Metric for Weather and Climate Fields,Perceptual metrics from computer vision (such as SSIM and DSSIM) exhibit excessive sensitivity to modest spatial displacements.,Other
bec8e33adb6f,5,Gabriele Accarino,2025,Atmosphere,WaveSim: A Wavelet-based Multi-scale Similarity Metric for Weather and Climate Fields,Neural network-based weather and climate emulators trained on point-wise MSE losses suffer from blurring and loss of fine-scale variance during forward autoregressive rollouts.,Smoothing / loss of small-scale variance
c1a8dd04e194,5,Kevin Debeire,2026,Atmosphere,Physics-Constrained Adaptive Flow Matching for Climate Downscaling,"Generative downscaling models violate physical conservation laws (mass, moisture) when coarsened.",Physical consistency / conservation; Scale mismatch / resolution / subgrid
c1a8dd04e194,5,Kevin Debeire,2026,Atmosphere,Physics-Constrained Adaptive Flow Matching for Climate Downscaling,Severe geographic generalization drops and systematic wet biases when models trained on one region are transferred out-of-distribution.,Generalization / out-of-distribution; Structural / model error & biases
c1a8dd04e194,5,Kevin Debeire,2026,Atmosphere,Physics-Constrained Adaptive Flow Matching for Climate Downscaling,Gradient conflicts between physical conservation loss terms and generative/reconstruction objectives leading to suboptimal performance.,Physical consistency / conservation
c1a8dd04e194,5,Kevin Debeire,2026,Atmosphere,Physics-Constrained Adaptive Flow Matching for Climate Downscaling,Spectral degradation and suppression of intermediate-scale spatial variance in moisture fields in out-of-distribution regions.,Generalization / out-of-distribution; Smoothing / loss of small-scale variance
c1a8dd04e194,5,Kevin Debeire,2026,Atmosphere,Physics-Constrained Adaptive Flow Matching for Climate Downscaling,Assumption that large-scale averages exactly match fine-scale spatial averages does not hold when driving inputs come from biased GCMs in real-world operational downscaling.,Structural / model error & biases; Scale mismatch / resolution / subgrid; Missing / simplified process representation
c769439315e0,5,Aaryan Doshi,2025,Atmosphere,Unsupervised classification of absorbing aerosols detected by the Single Particle Soot Photometer,Laboratory training datasets do not fully generalize to ambient atmospheric aerosols,Generalization / out-of-distribution
c769439315e0,5,Aaryan Doshi,2025,Atmosphere,Unsupervised classification of absorbing aerosols detected by the Single Particle Soot Photometer,"Dust-like aerosols (mineral dust, coal fly ash, volcanic ash) have high heterogeneity and commonly cause optical detector saturation or signal anomalies",Scale mismatch / resolution / subgrid
c769439315e0,5,Aaryan Doshi,2025,Atmosphere,Unsupervised classification of absorbing aerosols detected by the Single Particle Soot Photometer,Outliers falling far outside the training distribution can produce unreliable latent embeddings in VAEs,Measurement noise / data quality
c769439315e0,5,Aaryan Doshi,2025,Atmosphere,Unsupervised classification of absorbing aerosols detected by the Single Particle Soot Photometer,Differences in instrument configuration and detector gains across field campaigns affect transferability of representations,Generalization / out-of-distribution
c93180ad7e5c,5,Othmane Echchabi,2026,Climate system / methods (general),Seeing SDG 6 from space: local-scale monitoring of piped water and sewage system access across Africa using satellite imagery and self-supervised learning,"Subsurface water and sewage infrastructure are not directly visible in optical satellite imagery, forcing the model to rely on indirect built-environment and settlement proxies.",Software / model–ML integration
c93180ad7e5c,5,Othmane Echchabi,2026,Climate system / methods (general),Seeing SDG 6 from space: local-scale monitoring of piped water and sewage system access across Africa using satellite imagery and self-supervised learning,Cloud cover limits optical imagery availability and quality in certain regions.,Other
c93180ad7e5c,5,Othmane Echchabi,2026,Climate system / methods (general),Seeing SDG 6 from space: local-scale monitoring of piped water and sewage system access across Africa using satellite imagery and self-supervised learning,Decoupling between settlement morphology and actual service delivery can lead to errors.,Other
c93180ad7e5c,5,Othmane Echchabi,2026,Climate system / methods (general),Seeing SDG 6 from space: local-scale monitoring of piped water and sewage system access across Africa using satellite imagery and self-supervised learning,"Indicator definition mismatch between survey labels (sewer connection access) and international validation targets (WHO/UNICEF safely managed sanitation, which encompasses septic tanks and latrines).",Measurement noise / data quality; Data harmonization / mismatch
c93180ad7e5c,5,Othmane Echchabi,2026,Climate system / methods (general),Seeing SDG 6 from space: local-scale monitoring of piped water and sewage system access across Africa using satellite imagery and self-supervised learning,Spatial data leakage risk requiring survey-location-level rather than interview-level data splits.,Other
ce54e4a6c53c,5,Julius J. M. Busecke,2025,Ocean,The Impact of Sub‐Grid Heterogeneity on Air‐Sea Turbulent Heat Flux in Coupled Climate Models,"High-frequency snapshot data were not archived, necessitating offline bulk formula calculations using daily-averaged outputs",Online stability / offline–online gap; Data volume / access / storage
ce54e4a6c53c,5,Julius J. M. Busecke,2025,Ocean,The Impact of Sub‐Grid Heterogeneity on Air‐Sea Turbulent Heat Flux in Coupled Climate Models,Atmospheric and oceanic fields reside on distinct spatial grids requiring horizontal regridding and colocation,Data harmonization / mismatch; Predictability / initialization / skill
ce54e4a6c53c,5,Julius J. M. Busecke,2025,Ocean,The Impact of Sub‐Grid Heterogeneity on Air‐Sea Turbulent Heat Flux in Coupled Climate Models,"Lack of global, high-resolution coupled observational datasets covering both ocean and atmosphere simultaneously",Scale mismatch / resolution / subgrid
ce54e4a6c53c,5,Julius J. M. Busecke,2025,Ocean,The Impact of Sub‐Grid Heterogeneity on Air‐Sea Turbulent Heat Flux in Coupled Climate Models,Strong non-linearities in bulk coupling formulas make scale-separation sensitive to filter scale and formulation,Nonlinearity / high dimensionality
ce8197c246db,5,Jens Daniel Müller,2025,Ocean,Unexpected decline in the ocean carbon sink under record-high sea surface temperatures in 2023,Severe data sparsity in high-latitude biomes (Southern Ocean and Arctic) results in large ensemble spread and high uncertainty across observation-based products.,Sparse / limited observations; Uncertainty quantification / ensembles
ce8197c246db,5,Jens Daniel Müller,2025,Ocean,Unexpected decline in the ocean carbon sink under record-high sea surface temperatures in 2023,Latency of in situ observational data availability requires evaluating out-of-sample near-real-time (NRT) extrapolations beyond training years.,Generalization / out-of-distribution
ce8197c246db,5,Jens Daniel Müller,2025,Ocean,Unexpected decline in the ocean carbon sink under record-high sea surface temperatures in 2023,Global ocean biogeochemical models (GOBMs) underestimate non-thermal fCO2 compensating mechanisms in seasonally stratified biomes (such as NA-SPSS) relative to observation-based products.,Structural / model error & biases
cf02e39e5b81,5,Katie Dagon,2026,Atmosphere; Land & hydrology,Machine Learning for Climate Modeling,Calibrating uncertain biophysical parameters in land models against observational constraints,Uncertainty quantification / ensembles; Parameter calibration / tuning
cf02e39e5b81,5,Katie Dagon,2026,Atmosphere; Land & hydrology,Machine Learning for Climate Modeling,"Automated detection and tracking of complex meteorological features (fronts, atmospheric rivers) under present and future climates",Other
cf57e67041b5,5,Zhewen Hou,2025,Land & hydrology,Calibrating Geophysical Predictions under Constrained Probabilistic Distributions,Offline-to-online drift: surrogates trained on short-horizon MSE fail to preserve invariant measures and energy spectra during long-term rollout.,Online stability / offline–online gap; Smoothing / loss of small-scale variance; Predictability / initialization / skill
cf57e67041b5,5,Zhewen Hou,2025,Land & hydrology,Calibrating Geophysical Predictions under Constrained Probabilistic Distributions,"Extreme data sparsity and sampling bias: e.g., SOCAT observes less than 1% of the ocean surface.",Sparse / limited observations; Extremes / tails / imbalance; Structural / model error & biases
cf57e67041b5,5,Zhewen Hou,2025,Land & hydrology,Calibrating Geophysical Predictions under Constrained Probabilistic Distributions,Requirement of prior steady-state distributions: the KSD calibration framework assumes access to a target knowledge distribution which may not always be readily available.,Missing / simplified process representation; Parameter calibration / tuning
cf57e67041b5,5,Zhewen Hou,2025,Land & hydrology,Calibrating Geophysical Predictions under Constrained Probabilistic Distributions,Vanishing gradients and brittleness in existing physics-informed losses when data are sparse.,Sparse / limited observations
d047cbf55b75,5,Aya Lahlou,2025,Land & hydrology,Scalable Water and Sanitation Monitoring Across Africa via AI-Driven Satellite and Survey Data Integration,Fragmented surveys and inconsistent reporting across African countries,Data harmonization / mismatch
d047cbf55b75,5,Aya Lahlou,2025,Land & hydrology,Scalable Water and Sanitation Monitoring Across Africa via AI-Driven Satellite and Survey Data Integration,Limited monitoring capacity in data-limited regions,Other
d047cbf55b75,5,Aya Lahlou,2025,Land & hydrology,Scalable Water and Sanitation Monitoring Across Africa via AI-Driven Satellite and Survey Data Integration,Need to harmonize heterogeneous datasets across space and time,Data harmonization / mismatch
d2ef340cbf2d,5,Joseph Ko,2025,Atmosphere,Understanding Ice Crystal Habit Diversity with Self-Supervised Learning,Class imbalance in self-supervised learning datasets leading to prototype collapse or poor representation balance in DINO models.,Extremes / tails / imbalance
d2ef340cbf2d,5,Joseph Ko,2025,Atmosphere,Understanding Ice Crystal Habit Diversity with Self-Supervised Learning,Very high computational cost of self-supervised learning pre-training on millions of domain-specific scientific images.,Computational cost / scaling
d2ef340cbf2d,5,Joseph Ko,2025,Atmosphere,Understanding Ice Crystal Habit Diversity with Self-Supervised Learning,Difficulty of scaling manual habit labeling for millions of in situ cloud particle probe images.,Measurement noise / data quality
d3f424c93cff,5,Katharina Hafner,2026,Atmosphere,Representing subgrid-scale cloud effects in a radiation parameterization using machine learning: MLe-radiation v1.0,Formula differences in converting radiative flux divergence to heating rates (cv vs. cp) between model versions caused massive initial biases (up to 10 K/day) that required scaling.,Structural / model error & biases
d3f424c93cff,5,Katharina Hafner,2026,Atmosphere,Representing subgrid-scale cloud effects in a radiation parameterization using machine learning: MLe-radiation v1.0,"Global storm-resolving resolution of 5 km remains too coarse to resolve shallow convection, leaving planetary boundary layer cloud radiative effects partially unresolved.",Scale mismatch / resolution / subgrid; Numerics / boundaries / discretization
d3f424c93cff,5,Katharina Hafner,2026,Atmosphere,Representing subgrid-scale cloud effects in a radiation parameterization using machine learning: MLe-radiation v1.0,Offline evaluation only; stability and coupling performance in an active GCM run remain to be tested.,Online stability / offline–online gap
d3f424c93cff,5,Katharina Hafner,2026,Atmosphere,Representing subgrid-scale cloud effects in a radiation parameterization using machine learning: MLe-radiation v1.0,"Aerosols and spatially varying trace gases were omitted from the high-resolution run, preventing direct learning of secondary radiative interactions.",Scale mismatch / resolution / subgrid; Missing / simplified process representation
d3f424c93cff,5,Katharina Hafner,2026,Atmosphere,Representing subgrid-scale cloud effects in a radiation parameterization using machine learning: MLe-radiation v1.0,Grid mismatch and elevation discrepancies over complex terrain caused by rotated/shifted coarse grid required discarding misaligned cells.,Data harmonization / mismatch
d65c74c594b0,5,Weiwei Zhan,2025,Atmosphere; Land & hydrology,Reduced water loss rather than increased photosynthesis controls CO2-enhanced water-use efficiency,"Erroneous long-term sensor trends or calibration drift in eddy covariance CO2 and soil water content (SWC) measurements required replacing in situ data with satellite/reanalysis products (CASM, CAMS, NOAA flasks).",Online stability / offline–online gap; Parameter calibration / tuning
d65c74c594b0,5,Weiwei Zhan,2025,Atmosphere; Land & hydrology,Reduced water loss rather than increased photosynthesis controls CO2-enhanced water-use efficiency,Strong noise and stochasticity at daily resolution necessitate careful signal-to-noise ratio (SNR) filtering to confirm detectable physiological signals.,Uncertainty quantification / ensembles; Scale mismatch / resolution / subgrid; Measurement noise / data quality
d65c74c594b0,5,Weiwei Zhan,2025,Atmosphere; Land & hydrology,Reduced water loss rather than increased photosynthesis controls CO2-enhanced water-use efficiency,Collinearity between covarying climatic trends and atmospheric CO2 increases requires differencing and input-perturbation experiments to avoid misattribution.,Interpretability / causality / equifinality
d65c74c594b0,5,Weiwei Zhan,2025,Atmosphere; Land & hydrology,Reduced water loss rather than increased photosynthesis controls CO2-enhanced water-use efficiency,Sparse geographical coverage of long-term eddy covariance flux towers in tropical regions such as Amazonia and Asia.,Sparse / limited observations
d9df1b9e7efd,5,Adam Nayak,2025,Land & hydrology,Catastrophic “hyperclustering” and recurrent losses: diagnosing U.S. flood insurance insolvency triggers,Unavailability of public household-level premium data linked to historical NFIP claims and changes in insured assets over time limits normalization approaches.,Data volume / access / storage
d9df1b9e7efd,5,Adam Nayak,2025,Land & hydrology,Catastrophic “hyperclustering” and recurrent losses: diagnosing U.S. flood insurance insolvency triggers,Claim amounts and specific loss dates for multiple loss properties are not publicly available.,Data volume / access / storage
d9df1b9e7efd,5,Adam Nayak,2025,Land & hydrology,Catastrophic “hyperclustering” and recurrent losses: diagnosing U.S. flood insurance insolvency triggers,"Sensitivity and difficulty in parameterizing density-based spatiotemporal clustering (thresholds for space, time, and point thresholds in ST-DBSCAN).",Other
d9df1b9e7efd,5,Adam Nayak,2025,Land & hydrology,Catastrophic “hyperclustering” and recurrent losses: diagnosing U.S. flood insurance insolvency triggers,"Heavy-tailed, fat-tailed catastrophic risk distributions that standard expected-value pricing models are not structurally designed to buffer.",Other
db3e36e4e6c9,5,Zerun Tang,2025,Ocean,A Turbulence Model for Velocity Distribution in Open-Channel Flows Through Mangrove Trees,Conventional single mixing-length models fail to capture multi-scale turbulent eddy structures created by complex prop root morphology,Other
db3e36e4e6c9,5,Zerun Tang,2025,Ocean,A Turbulence Model for Velocity Distribution in Open-Channel Flows Through Mangrove Trees,The spectral velocity model approximates the inertial subrange with canonical Kolmogorov scaling and neglects the canopy drag-induced spectral bump ('von Kármán street' wake production),Smoothing / loss of small-scale variance; Missing / simplified process representation
db3e36e4e6c9,5,Zerun Tang,2025,Ocean,A Turbulence Model for Velocity Distribution in Open-Channel Flows Through Mangrove Trees,Significant sensitivity to drag coefficient (Cd) formulation and uncertainty in measuring root frontal area vertical distributions,Uncertainty quantification / ensembles
db84b215c346,5,Margaret Powell,2026,Atmosphere,Cloud geometry and solar zenith angle control 3D radiative effects,Full-physics 3D Monte Carlo ray tracing is computationally expensive compared to 1D approximations.,Computational cost / scaling
db84b215c346,5,Margaret Powell,2026,Atmosphere,Cloud geometry and solar zenith angle control 3D radiative effects,Complex cloud geometries such as organized deep convection with stratiform outflow or optically thin cirrus clouds are challenging to capture with simple aspect ratio descriptions.,Other
df5b15dc5af3,5,Shuolin Li,2025,Atmosphere,Probabilistic Data Assimilation for Ensemble Distribution Projections With Generative Machine Learning: A Lorenz ’96 Proof-of-Concept,High computational cost of unrolling long-term trajectories in numerical models to sample state distributions.,Computational cost / scaling; Numerics / boundaries / discretization
df5b15dc5af3,5,Shuolin Li,2025,Atmosphere,Probabilistic Data Assimilation for Ensemble Distribution Projections With Generative Machine Learning: A Lorenz ’96 Proof-of-Concept,Chaotic drift and attractor differences when using standard short-term trajectory matching for climate timescales.,Online stability / offline–online gap
df5b15dc5af3,5,Shuolin Li,2025,Atmosphere,Probabilistic Data Assimilation for Ensemble Distribution Projections With Generative Machine Learning: A Lorenz ’96 Proof-of-Concept,"Assumption of stationarity/quasi-stationarity in the state distribution, which fails in non-stationary real-world climate systems.",Missing / simplified process representation
df5b15dc5af3,5,Shuolin Li,2025,Atmosphere,Probabilistic Data Assimilation for Ensemble Distribution Projections With Generative Machine Learning: A Lorenz ’96 Proof-of-Concept,Extending 1D distribution emulation to high-dimensional systems with non-linear multi-variable interactions.,Nonlinearity / high dimensionality
df5b15dc5af3,5,Shuolin Li,2025,Atmosphere,Probabilistic Data Assimilation for Ensemble Distribution Projections With Generative Machine Learning: A Lorenz ’96 Proof-of-Concept,Sensitivity to initial condition uncertainty and its propagation in complex dynamical systems.,Uncertainty quantification / ensembles
e05df4a965f6,5,Xingyu Zhu,2026,Atmosphere,LEX v1.6.0: a new large-eddy simulation model in JAX with GPU acceleration and automatic differentiation,Long JIT compilation and setup overhead relative to short integration periods,Other
e05df4a965f6,5,Xingyu Zhu,2026,Atmosphere,LEX v1.6.0: a new large-eddy simulation model in JAX with GPU acceleration and automatic differentiation,"Requirement of double precision (float64) during training to prevent rounding error instabilities, which slows execution and lacks native hardware convolution support on certain GPUs",Online stability / offline–online gap; Computational cost / scaling
e05df4a965f6,5,Xingyu Zhu,2026,Atmosphere,LEX v1.6.0: a new large-eddy simulation model in JAX with GPU acceleration and automatic differentiation,"Unphysical initial neural network predictions (e.g., negative water vapor mixing ratios and background noise), requiring custom penalties (non-negative loss and Laplacian pyramid loss)",Physical consistency / conservation; Measurement noise / data quality
e05df4a965f6,5,Xingyu Zhu,2026,Atmosphere,LEX v1.6.0: a new large-eddy simulation model in JAX with GPU acceleration and automatic differentiation,"Extreme sensitivity of differentiable multi-step rollouts to parameter initialization, necessitating staged curriculum training across 3, 6, and 12 look-ahead steps",Extremes / tails / imbalance; Software / model–ML integration; Predictability / initialization / skill
e05df4a965f6,5,Xingyu Zhu,2026,Atmosphere,LEX v1.6.0: a new large-eddy simulation model in JAX with GPU acceleration and automatic differentiation,"Spatial domain parallelism is hindered by the iterative BiCGSTAB pressure solver, limiting current multi-device execution to batch-level parallelism",Numerics / boundaries / discretization
e381babe14cf,5,Tian Zheng,2025,Atmosphere; Ocean,Machine Learning Workflows in Climate Modeling: Design Patterns and Insights from Case Studies,Offline performance does not guarantee online stability or physical realism when coupled into host dynamical models.,Online stability / offline–online gap; Physical consistency / conservation
e381babe14cf,5,Tian Zheng,2025,Atmosphere; Ocean,Machine Learning Workflows in Climate Modeling: Design Patterns and Insights from Case Studies,Coupling Python-based machine learning models with legacy Fortran-based Earth system models requires bridging tools like FTorch and containerized workflows.,Software / model–ML integration
e381babe14cf,5,Tian Zheng,2025,Atmosphere; Ocean,Machine Learning Workflows in Climate Modeling: Design Patterns and Insights from Case Studies,"Mismatch between differentiable training loss functions (e.g., MSE) and domain metrics of interest (spectral fidelity, conservation laws, decorrelation times, long-term stability).",Physical consistency / conservation; Smoothing / loss of small-scale variance; Software / model–ML integration; Data harmonization / mismatch
e381babe14cf,5,Tian Zheng,2025,Atmosphere; Ocean,Machine Learning Workflows in Climate Modeling: Design Patterns and Insights from Case Studies,"Severe data sparsity in observational datasets (e.g., surface ocean pCO2 covering only 1-2% of the ocean) leading to extrapolation errors.",Generalization / out-of-distribution; Sparse / limited observations
e381babe14cf,5,Tian Zheng,2025,Atmosphere; Ocean,Machine Learning Workflows in Climate Modeling: Design Patterns and Insights from Case Studies,Non-stationarity and structural model biases limiting traditional data assimilation and parameter tuning.,Structural / model error & biases; Parameter calibration / tuning
e381babe14cf,5,Tian Zheng,2025,Atmosphere; Ocean,Machine Learning Workflows in Climate Modeling: Design Patterns and Insights from Case Studies,"Reproducibility issues stemming from inconsistent terminology, lack of standardized workflows, and undocumented design choices.",Software / model–ML integration
e5f1791220ab,5,Katharina Hafner,2025,Atmosphere,Stable Machine Learning based Radiation Emulation for ICON,Generalization limits under strong climate change: the emulator failed to generalize to a +8 K SST warming in the stratosphere because specific humidity went drastically out of distribution.,Generalization / out-of-distribution
e5f1791220ab,5,Katharina Hafner,2025,Atmosphere,Stable Machine Learning based Radiation Emulation for ICON,Altered online equilibrium: the coupled ML model drifted into a slightly altered cloud distribution and a ~1 W/m² surface flux offset.,Online stability / offline–online gap
e5f1791220ab,5,Katharina Hafner,2025,Atmosphere,Stable Machine Learning based Radiation Emulation for ICON,Exclusion of aerosol radiative interactions and time-varying greenhouse gas forcings.,Missing / simplified process representation
e5f1791220ab,5,Katharina Hafner,2025,Atmosphere,Stable Machine Learning based Radiation Emulation for ICON,"Hardware and deployment constraints: the ICON atmospheric setup ran purely on CPUs, limiting the achieved speedup to 4x compared to the ~20x speedup achievable on GPUs.",Computational cost / scaling
e71b14b65755,5,Raf Antwerpen,2026,Cryosphere,PIXAL: A Physics-Informed Explainable Machine Learning Architecture for Greenland Ice Albedo Modeling,Analysis and machine learning code are only available upon request from the corresponding author.,Other
e71b14b65755,5,Raf Antwerpen,2026,Cryosphere,PIXAL: A Physics-Informed Explainable Machine Learning Architecture for Greenland Ice Albedo Modeling,Input MAR features may carry biases caused by MAR's inaccurate native ice albedo parameterization (feedback error propagation).,Structural / model error & biases
e71b14b65755,5,Raf Antwerpen,2026,Cryosphere,PIXAL: A Physics-Informed Explainable Machine Learning Architecture for Greenland Ice Albedo Modeling,Offline parameterization: model was not yet coupled online into MAR or Earth system models.,Online stability / offline–online gap
e71b14b65755,5,Raf Antwerpen,2026,Cryosphere,PIXAL: A Physics-Informed Explainable Machine Learning Architecture for Greenland Ice Albedo Modeling,"Lack of direct representation of light-absorbing constituents (algal blooms, black carbon, mineral dust) and related positive feedbacks.",Missing / simplified process representation
e71b14b65755,5,Raf Antwerpen,2026,Cryosphere,PIXAL: A Physics-Informed Explainable Machine Learning Architecture for Greenland Ice Albedo Modeling,Potential out-of-distribution generalization issues for surface elevation under future warming as bare ice expands into higher elevations.,Generalization / out-of-distribution
e7888f8e7019,5,A. C. Foster,2026,Land & hydrology,Contrasting Parametric Sensitivities in Two Global Vegetation Models Using Parameter Perturbation Ensembles,One-at-a-time (OAAT) sampling isolates single parameters and does not capture nonlinear parameter interactions or global response surfaces.,Online stability / offline–online gap; Nonlinearity / high dimensionality
e7888f8e7019,5,A. C. Foster,2026,Land & hydrology,Contrasting Parametric Sensitivities in Two Global Vegetation Models Using Parameter Perturbation Ensembles,Parameter sensitivity rankings depend heavily on expert-chosen min/max physical bounds.,Parameter calibration / tuning
e7888f8e7019,5,A. C. Foster,2026,Land & hydrology,Contrasting Parametric Sensitivities in Two Global Vegetation Models Using Parameter Perturbation Ensembles,"Structural divergences between models (e.g., LUNA dynamic Vcmax vs FATES prescribed Vcmax; differing water stress applications) mean parameter sensitivity landscapes are fundamentally non-transferable between models.",Generalization / out-of-distribution; Parameter calibration / tuning
e7888f8e7019,5,A. C. Foster,2026,Land & hydrology,Contrasting Parametric Sensitivities in Two Global Vegetation Models Using Parameter Perturbation Ensembles,High computational burden of full global runs necessitated using a sparse-grid approximation and uniform perturbation across plant functional types.,Sparse / limited observations; Computational cost / scaling
e9051914322c,5,Pavel Perezhogin,2025,Ocean,Generalizable Neural-Network Parameterization of Mesoscale Eddies in Idealized and Global Ocean Models,"Generalization across unseen grid resolutions, flow regimes, and depth levels due to severe distribution shifts in physical features",Generalization / out-of-distribution; Scale mismatch / resolution / subgrid
e9051914322c,5,Pavel Perezhogin,2025,Ocean,Generalizable Neural-Network Parameterization of Mesoscale Eddies in Idealized and Global Ocean Models,"Numerical stability when deploying data-driven closures online into coarse dynamical ocean models, requiring clipping/modifications",Online stability / offline–online gap; Numerics / boundaries / discretization
e9051914322c,5,Pavel Perezhogin,2025,Ocean,Generalizable Neural-Network Parameterization of Mesoscale Eddies in Idealized and Global Ocean Models,"Compensating model errors: adding a physically improved eddy parameterization can degrade agreement with observations (e.g., AMOC, Drake Passage transport) without comprehensive model retuning",Structural / model error & biases; Parameter calibration / tuning
ec62100735c6,5,Hang Fan,2026,Atmosphere,Learning more physically realistic dynamics in machine-learning based weather forecasting with latent-space constraints,"Standard weighted variable-wise MSE loss neglects cross-variable and spatial error covariances, resulting in smoothed, physically unrealistic long-lead forecasts and kinetic energy loss",Smoothing / loss of small-scale variance; Missing / simplified process representation; Predictability / initialization / skill
ec62100735c6,5,Hang Fan,2026,Atmosphere,Learning more physically realistic dynamics in machine-learning based weather forecasting with latent-space constraints,"The full model-space error covariance matrix exceeds 10^12 dimensions, rendering explicit covariance inversion intractable",Other
ec62100735c6,5,Hang Fan,2026,Atmosphere,Learning more physically realistic dynamics in machine-learning based weather forecasting with latent-space constraints,Direct estimation of reanalysis error statistics is difficult because the true state of the atmosphere is unobserved,Sparse / limited observations
ec62100735c6,5,Hang Fan,2026,Atmosphere,Learning more physically realistic dynamics in machine-learning based weather forecasting with latent-space constraints,Error covariances are flow-dependent and vary nonlinearly with synoptic conditions,Online stability / offline–online gap; Nonlinearity / high dimensionality
ec62100735c6,5,Hang Fan,2026,Atmosphere,Learning more physically realistic dynamics in machine-learning based weather forecasting with latent-space constraints,Incorporating multi-source heterogeneous observations into ML training typically requires cumbersome heuristic tuning,Parameter calibration / tuning
f5cbb3e563dc,5,D. Kennedy,2025,Land & hydrology,"One‐at‐a‐Time Parameter Perturbation Ensemble of the Community Land Model, Version 5.1",High computational cost of land biogeochemistry spin-up (managed using SASU matrix acceleration),Computational cost / scaling
f5cbb3e563dc,5,D. Kennedy,2025,Land & hydrology,"One‐at‐a‐Time Parameter Perturbation Ensemble of the Community Land Model, Version 5.1",Spatial resolution cost trade-off (addressed via a 400-cluster sparse grid which introduces spatial interpolation errors that scale up for smaller domains),Sparse / limited observations; Computational cost / scaling; Scale mismatch / resolution / subgrid
f5cbb3e563dc,5,D. Kennedy,2025,Land & hydrology,"One‐at‐a‐Time Parameter Perturbation Ensemble of the Community Land Model, Version 5.1",Hard-coded model parameters in land models requiring manual refactoring into parameter files,Other
f5cbb3e563dc,5,D. Kennedy,2025,Land & hydrology,"One‐at‐a‐Time Parameter Perturbation Ensemble of the Community Land Model, Version 5.1","Difficulty in establishing realistic parameter bounds with expert solicitation and ±20% heuristics, which caused plant functional type mortality for some extreme perturbations requiring manual constraints",Extremes / tails / imbalance
f5cbb3e563dc,5,D. Kennedy,2025,Land & hydrology,"One‐at‐a‐Time Parameter Perturbation Ensemble of the Community Land Model, Version 5.1",One-at-a-time design cannot detect parameter interaction effects or nonlinearities,Online stability / offline–online gap; Nonlinearity / high dimensionality
f5cbb3e563dc,5,D. Kennedy,2025,Land & hydrology,"One‐at‐a‐Time Parameter Perturbation Ensemble of the Community Land Model, Version 5.1",Prescribed data atmosphere omitting coupled land-atmosphere feedbacks that could modulate flux responses,Missing / simplified process representation
f8a21622a265,5,Yongquan Qu,2025,Atmosphere,PnP-DA: Towards Principled Plug-and-Play Integration of Variational Data Assimilation and Generative Models,"Non-Gaussian, state-dependent error statistics in chaotic dynamical systems violate classical Gaussian error assumptions in variational DA (3D-Var/4D-Var).",Physical consistency / conservation; Missing / simplified process representation
f8a21622a265,5,Yongquan Qu,2025,Atmosphere,PnP-DA: Towards Principled Plug-and-Play Integration of Variational Data Assimilation and Generative Models,Intractable Jacobian log-determinant when changing measure in deep generative latent spaces.,Other
f8a21622a265,5,Yongquan Qu,2025,Atmosphere,PnP-DA: Towards Principled Plug-and-Play Integration of Variational Data Assimilation and Generative Models,Expensive and numerically unstable gradient backpropagation through complex deep neural networks during iterative assimilation optimization.,Online stability / offline–online gap; Computational cost / scaling; Numerics / boundaries / discretization
f8a21622a265,5,Yongquan Qu,2025,Atmosphere,PnP-DA: Towards Principled Plug-and-Play Integration of Variational Data Assimilation and Generative Models,Reconstruction errors introduced when projecting back from latent spaces.,Other
fa2ea0f0cf4b,5,Jianing Fang,2025,Land & hydrology,DifferBESS: Uncovering the Role of Canopy Temperature in Ecosystem Carbon and Water Fluxes Using a Hybrid Modeling Approach,"Tightly coupled nature of carbon, water, and energy processes",Other
fa2ea0f0cf4b,5,Jianing Fang,2025,Land & hydrology,DifferBESS: Uncovering the Role of Canopy Temperature in Ecosystem Carbon and Water Fluxes Using a Hybrid Modeling Approach,Difficulty of scaling observations from leaf to ecosystem levels,Other
